date,open,high,low,close,adj close,volume
2015-01-02,93844.796875,102241.4375,93844.796875,100265.7578125,98682.15625,0
2015-01-05,100265.7578125,100759.6796875,93844.796875,99277.921875,97709.9140625,0
2015-01-06,99277.921875,102735.359375,97796.15625,97796.15625,96251.5546875,0
2015-01-07,96808.3203125,98290.078125,93844.796875,95820.4765625,94307.078125,0
2015-01-08,96314.3984375,100759.6796875,95326.5625,98784.0,97223.796875,0
2015-01-09,98784.0,107674.5625,98784.0,105698.8828125,104029.46875,0
2015-01-12,106192.796875,112613.7578125,106192.796875,111132.0,109376.7734375,0
2015-01-13,112613.7578125,121010.3984375,109156.3203125,118046.8828125,116182.4375,0
2015-01-14,122986.078125,126937.4375,116071.203125,125949.6015625,123960.328125,0
2015-01-15,125455.6796875,125455.6796875,112613.7578125,115083.359375,113265.734375,0
2015-01-16,113601.6015625,120022.5625,111625.921875,116565.1171875,114724.0703125,0
2015-01-20,116565.1171875,121010.3984375,112119.84375,113601.6015625,111807.3671875,0
2015-01-21,109650.2421875,114095.5234375,107674.5625,109156.3203125,107432.296875,0
2015-01-22,112613.7578125,113107.6796875,106686.71875,108168.4765625,106460.0546875,0
2015-01-23,111132.0,112613.7578125,106192.796875,109156.3203125,107432.296875,0
2015-01-26,109650.2421875,113107.6796875,107180.640625,109156.3203125,107432.296875,0
2015-01-27,114589.4375,115083.359375,109156.3203125,115083.359375,113265.734375,0
2015-01-28,115083.359375,119034.71875,111132.0,118046.8828125,116182.4375,0
2015-01-29,117552.9609375,118046.8828125,111132.0,117552.9609375,115696.3125,0
2015-01-30,115083.359375,118540.796875,112613.7578125,115083.359375,113265.734375,0
2015-02-02,116565.1171875,116565.1171875,112119.84375,113107.6796875,111321.2578125,0
2015-02-03,116071.203125,116071.203125,112119.84375,113107.6796875,111321.2578125,0
2015-02-04,111625.921875,112119.84375,108168.4765625,109650.2421875,107918.421875,0
2015-02-05,111132.0,115083.359375,109650.2421875,112119.84375,110349.0234375,0
2015-02-06,109650.2421875,114589.4375,108662.3984375,112613.7578125,110835.1328125,0
2015-02-09,111132.0,111625.921875,108662.3984375,108662.3984375,106946.1796875,0
2015-02-10,110638.078125,112613.7578125,107674.5625,108662.3984375,106946.1796875,0
2015-02-11,105698.8828125,108662.3984375,105698.8828125,108168.4765625,106460.0546875,0
2015-02-12,107674.5625,111625.921875,106686.71875,107674.5625,105973.9375,0
2015-02-13,108662.3984375,109650.2421875,105204.9609375,108662.3984375,106946.1796875,0
2015-02-17,108168.4765625,109156.3203125,104711.0390625,108168.4765625,106460.0546875,0
2015-02-18,108168.4765625,108168.4765625,106192.796875,107180.640625,105487.8203125,0
2015-02-19,104217.1171875,107674.5625,104217.1171875,106192.796875,104515.578125,0
2015-02-20,104711.0390625,111625.921875,104711.0390625,109650.2421875,107918.421875,0
2015-02-23,107674.5625,114095.5234375,107180.640625,112119.84375,110349.0234375,0
2015-02-24,111132.0,116071.203125,111132.0,113107.6796875,111321.2578125,0
2015-02-25,111625.921875,120516.4765625,111625.921875,118540.796875,116668.546875,0
2015-02-26,119528.640625,128419.203125,118540.796875,123480.0,121529.7421875,0
2015-02-27,123973.921875,124467.84375,114095.5234375,122986.078125,121043.6171875,0
2015-03-02,122492.15625,125949.6015625,118540.796875,123973.921875,122015.8515625,0
2015-03-03,124467.84375,125949.6015625,123480.0,124467.84375,122501.984375,0
2015-03-04,125949.6015625,132370.5625,124961.7578125,131382.71875,129307.6328125,0
2015-03-05,130394.8828125,131876.640625,125949.6015625,125949.6015625,123960.328125,0
2015-03-06,125455.6796875,125455.6796875,114589.4375,122492.15625,120557.4921875,0
2015-03-09,123480.0,131876.640625,123480.0,124467.84375,122650.3515625,0
2015-03-10,122492.15625,128419.203125,122492.15625,127431.359375,125570.59375,0
2015-03-11,126443.5234375,129900.9609375,123973.921875,127431.359375,125570.59375,0
2015-03-12,126937.4375,130394.8828125,122986.078125,124467.84375,122650.3515625,0
2015-03-13,122492.15625,125455.6796875,119034.71875,120516.4765625,118756.6875,0
2015-03-16,123480.0,123480.0,119034.71875,120022.5625,118269.984375,0
2015-03-17,119034.71875,119034.71875,113107.6796875,116071.203125,114376.3203125,0
2015-03-18,115577.28125,118046.8828125,114589.4375,117059.0390625,115349.7265625,0
2015-03-19,115577.28125,118046.8828125,114589.4375,114589.4375,112916.1953125,0
2015-03-20,118540.796875,122492.15625,114095.5234375,116071.203125,114376.3203125,0
2015-03-23,118046.8828125,128419.203125,118046.8828125,127925.28125,126057.296875,0
2015-03-24,128419.203125,128419.203125,125949.6015625,127925.28125,126057.296875,0
2015-03-25,127925.28125,130888.796875,126443.5234375,129407.0390625,127517.421875,0
2015-03-26,127925.28125,130888.796875,125949.6015625,127431.359375,125570.59375,0
2015-03-27,126937.4375,128419.203125,118046.8828125,124467.84375,122650.3515625,0
2015-03-30,123973.921875,125949.6015625,121504.3203125,123480.0,121676.9296875,0
2015-03-31,121504.3203125,125455.6796875,119528.640625,121504.3203125,119730.09375,0
2015-04-01,122492.15625,125949.6015625,119034.71875,124467.84375,122650.3515625,0
2015-04-02,124961.7578125,125949.6015625,122492.15625,123480.0,121676.9296875,0
2015-04-06,122492.15625,128419.203125,121010.3984375,125949.6015625,124110.46875,0
2015-04-07,127925.28125,128419.203125,123973.921875,124961.7578125,123137.0546875,0
2015-04-08,122492.15625,125949.6015625,119528.640625,119528.640625,117783.2734375,0
2015-04-09,121998.2421875,124961.7578125,119034.71875,123480.0,121676.9296875,0
2015-04-10,123480.0,127431.359375,123480.0,125949.6015625,124110.46875,0
2015-04-13,125949.6015625,126937.4375,119528.640625,120516.4765625,118756.6875,0
2015-04-14,121010.3984375,126443.5234375,120022.5625,125455.6796875,123623.765625,0
2015-04-15,125949.6015625,130888.796875,125455.6796875,130888.796875,128977.546875,0
2015-04-16,130888.796875,130888.796875,126443.5234375,129407.0390625,127517.421875,0
2015-04-17,128419.203125,129407.0390625,124467.84375,125949.6015625,124110.46875,0
2015-04-20,124961.7578125,127431.359375,123973.921875,123973.921875,122163.640625,0
2015-04-21,124467.84375,126443.5234375,121504.3203125,122986.078125,121190.21875,0
2015-04-22,123973.921875,128419.203125,121998.2421875,124467.84375,122650.3515625,0
2015-04-23,126937.4375,128913.1171875,122986.078125,127925.28125,126057.296875,0
2015-04-24,127925.28125,128913.1171875,126443.5234375,126443.5234375,124597.1796875,0
2015-04-27,126937.4375,133358.40625,125949.6015625,125949.6015625,124110.46875,0
2015-04-28,125949.6015625,128913.1171875,124467.84375,124467.84375,122650.3515625,0
2015-04-29,123480.0,125455.6796875,121010.3984375,121010.3984375,119243.390625,0
2015-04-30,123973.921875,124467.84375,120516.4765625,120516.4765625,118756.6875,0
2015-05-01,120516.4765625,127925.28125,119034.71875,126937.4375,125083.875,0
2015-05-04,124467.84375,126443.5234375,119034.71875,119528.640625,117783.2734375,0
2015-05-05,118540.796875,121998.2421875,116071.203125,117552.9609375,115836.4296875,0
2015-05-06,118046.8828125,118540.796875,114095.5234375,114095.5234375,112429.4921875,0
2015-05-07,118046.8828125,118046.8828125,110638.078125,112119.84375,110482.65625,0
2015-05-08,110638.078125,115577.28125,109156.3203125,110638.078125,109022.5234375,0
2015-05-11,110638.078125,115577.28125,110638.078125,112119.84375,110482.65625,0
2015-05-12,113601.6015625,117552.9609375,112119.84375,115083.359375,113402.8984375,0
2015-05-13,117059.0390625,123480.0,117059.0390625,122986.078125,121190.21875,0
2015-05-14,123973.921875,123973.921875,121504.3203125,123480.0,121676.9296875,0
2015-05-15,121998.2421875,121998.2421875,118540.796875,120516.4765625,118756.6875,0
2015-05-18,118540.796875,120022.5625,116565.1171875,118046.8828125,116323.15625,0
2015-05-19,116565.1171875,118046.8828125,114589.4375,116071.203125,114376.3203125,0
2015-05-20,116565.1171875,122986.078125,116565.1171875,121504.3203125,119730.09375,0
2015-05-21,121504.3203125,121998.2421875,118540.796875,121010.3984375,119388.984375,0
2015-05-22,119528.640625,125455.6796875,119034.71875,122492.15625,120850.890625,0
2015-05-26,121504.3203125,124467.84375,121010.3984375,121998.2421875,120363.59375,0
2015-05-27,121010.3984375,123480.0,118540.796875,122986.078125,121338.1875,0
2015-05-28,122492.15625,125455.6796875,120022.5625,123973.921875,122312.8046875,0
2015-05-29,123480.0,125949.6015625,121010.3984375,121010.3984375,119388.984375,0
2015-06-01,121010.3984375,124961.7578125,121010.3984375,122492.15625,120850.890625,0
2015-06-02,123480.0,126443.5234375,122492.15625,126443.5234375,124749.3125,0
2015-06-03,124467.84375,127925.28125,124467.84375,126937.4375,125236.609375,0
2015-06-04,123973.921875,130394.8828125,121998.2421875,129407.0390625,127673.125,0
2015-06-05,129900.9609375,130394.8828125,128913.1171875,129900.9609375,128160.421875,0
2015-06-08,129900.9609375,129900.9609375,125455.6796875,127925.28125,126211.21875,0
2015-06-09,129407.0390625,129407.0390625,121998.2421875,124961.7578125,123287.3984375,0
2015-06-10,126443.5234375,127431.359375,123480.0,124961.7578125,123287.3984375,0
2015-06-11,124467.84375,128913.1171875,123973.921875,125949.6015625,124262.015625,0
2015-06-12,128419.203125,128419.203125,123480.0,123480.0,121825.5,0
2015-06-15,121998.2421875,123480.0,118540.796875,119034.71875,117439.78125,0
2015-06-16,119034.71875,121504.3203125,117059.0390625,121504.3203125,119876.296875,0
2015-06-17,120022.5625,124467.84375,120022.5625,123480.0,121825.5,0
2015-06-18,120516.4765625,123973.921875,119528.640625,120516.4765625,118901.6875,0
2015-06-19,121998.2421875,123973.921875,120516.4765625,121504.3203125,119876.296875,0
2015-06-22,120022.5625,123973.921875,118540.796875,122492.15625,120850.890625,0
2015-06-23,122492.15625,122492.15625,116071.203125,119034.71875,117439.78125,0
2015-06-24,119528.640625,121010.3984375,116071.203125,119034.71875,117439.78125,0
2015-06-25,116565.1171875,116565.1171875,109650.2421875,115083.359375,113541.359375,0
2015-06-26,113107.6796875,113107.6796875,101253.6015625,102241.4375,100871.5078125,0
2015-06-29,98784.0,104711.0390625,96314.3984375,97302.2421875,95998.4921875,0
2015-06-30,94832.640625,105698.8828125,94832.640625,104217.1171875,102820.71875,0
2015-07-01,108662.3984375,108662.3984375,96314.3984375,99277.921875,97947.6953125,0
2015-07-02,97796.15625,101747.5234375,97796.15625,101747.5234375,100384.21875,0
2015-07-06,98784.0,100265.7578125,94338.71875,96314.3984375,95023.890625,0
2015-07-07,99771.84375,99771.84375,94338.71875,97796.15625,96485.796875,0
2015-07-08,96314.3984375,101253.6015625,94832.640625,97302.2421875,95998.4921875,0
2015-07-09,98290.078125,98290.078125,93844.796875,94832.640625,93561.984375,0
2015-07-10,95820.4765625,99771.84375,93844.796875,99277.921875,97947.6953125,0
2015-07-13,99771.84375,103723.203125,99771.84375,103723.203125,102333.4296875,0
2015-07-14,101253.6015625,103723.203125,98784.0,98784.0,97460.390625,0
2015-07-15,98290.078125,101253.6015625,95326.5625,97302.2421875,95998.4921875,0
2015-07-16,96314.3984375,98784.0,94338.71875,98290.078125,96973.09375,0
2015-07-17,98784.0,103229.28125,97796.15625,100265.7578125,98922.3046875,0
2015-07-20,100759.6796875,101253.6015625,94832.640625,96808.3203125,95511.1953125,0
2015-07-21,96314.3984375,99771.84375,92856.9609375,97302.2421875,95998.4921875,0
2015-07-22,95820.4765625,98784.0,95820.4765625,96808.3203125,95511.1953125,0
2015-07-23,98784.0,99771.84375,95820.4765625,98784.0,97460.390625,0
2015-07-24,98784.0,98784.0,93844.796875,97302.2421875,95998.4921875,0
2015-07-27,95820.4765625,98290.078125,94832.640625,96808.3203125,95511.1953125,0
2015-07-28,95820.4765625,98784.0,95820.4765625,98290.078125,96973.09375,0
2015-07-29,98290.078125,103723.203125,95820.4765625,101747.5234375,100384.21875,0
2015-07-30,103723.203125,103723.203125,95820.4765625,97796.15625,96485.796875,0
2015-07-31,101253.6015625,101253.6015625,95326.5625,97796.15625,96485.796875,0
2015-08-03,96314.3984375,99277.921875,93844.796875,95326.5625,94049.28125,0
2015-08-04,93844.796875,95820.4765625,88905.6015625,93844.796875,92587.3671875,0
2015-08-05,92856.9609375,96808.3203125,90387.359375,92363.0390625,91125.4765625,0
2015-08-06,90881.28125,93350.8828125,89399.5234375,92856.9609375,91612.7734375,0
2015-08-07,91869.1171875,95326.5625,90387.359375,91375.203125,90150.875,0
2015-08-10,91375.203125,93350.8828125,91375.203125,91375.203125,90150.875,0
2015-08-11,90387.359375,93350.8828125,88905.6015625,91869.1171875,90638.171875,0
2015-08-12,90881.28125,92856.9609375,86436.0,88905.6015625,87714.3671875,0
2015-08-13,91375.203125,94832.640625,90387.359375,94832.640625,93561.984375,0
2015-08-14,91375.203125,95326.5625,91375.203125,93844.796875,92732.265625,0
2015-08-17,88905.6015625,95326.5625,88905.6015625,93350.8828125,92244.203125,0
2015-08-18,91869.1171875,93844.796875,90387.359375,91869.1171875,90780.0078125,0
2015-08-19,91375.203125,92363.0390625,88905.6015625,89399.5234375,88339.6953125,0
2015-08-20,88905.6015625,91375.203125,86436.0,86436.0,85411.296875,0
2015-08-21,85448.15625,86929.921875,83966.3984375,85942.078125,84923.234375,0
2015-08-24,81002.8828125,83966.3984375,78533.28125,80508.9609375,79554.5234375,0
2015-08-25,80508.9609375,83472.4765625,78039.359375,79521.1171875,78578.3984375,0
2015-08-26,79027.203125,83966.3984375,74088.0,82484.640625,81506.7890625,0
2015-08-27,84954.2421875,87423.84375,79521.1171875,81496.796875,80530.65625,0
2015-08-28,83472.4765625,86436.0,74088.0,85942.078125,84923.234375,0
2015-08-31,84954.2421875,86436.0,81496.796875,81990.71875,81018.71875,0
2015-09-01,81002.8828125,86436.0,79521.1171875,81002.8828125,80042.5859375,0
2015-09-02,81496.796875,81496.796875,76063.6796875,78039.359375,77114.2109375,0
2015-09-03,79027.203125,80508.9609375,76063.6796875,78039.359375,77114.2109375,0
2015-09-04,78533.28125,79521.1171875,74581.921875,75075.84375,74185.8203125,0
2015-09-08,76557.6015625,78533.28125,75569.7578125,77051.5234375,76138.078125,0
2015-09-09,77051.5234375,80508.9609375,76557.6015625,77545.4375,76626.1328125,0
2015-09-10,77051.5234375,79521.1171875,77051.5234375,77051.5234375,76138.078125,0
2015-09-11,77051.5234375,78039.359375,74088.0,76063.6796875,75161.9453125,0
2015-09-14,74581.921875,86929.921875,74088.0,77545.4375,76626.1328125,0
2015-09-15,77545.4375,78533.28125,74581.921875,76063.6796875,75161.9453125,0
2015-09-16,76557.6015625,77545.4375,75569.7578125,76063.6796875,75161.9453125,0
2015-09-17,77545.4375,78533.28125,74088.0,76557.6015625,75650.015625,0
2015-09-18,74088.0,76063.6796875,72112.3203125,76063.6796875,75161.9453125,0
2015-09-21,76063.6796875,76063.6796875,74088.0,76063.6796875,75161.9453125,0
2015-09-22,74581.921875,76063.6796875,69642.71875,73100.15625,72233.5546875,0
2015-09-23,72112.3203125,72112.3203125,63715.6796875,64209.6015625,63448.39453125,0
2015-09-24,67173.1171875,69642.71875,63221.76171875,65691.359375,64912.58984375,0
2015-09-25,65691.359375,66679.203125,61740.0,64703.51953125,63936.4609375,0
2015-09-28,64209.6015625,65691.359375,60258.23828125,63715.6796875,62960.33203125,0
2015-09-29,63221.76171875,65691.359375,62233.921875,62727.83984375,61984.203125,0
2015-09-30,64209.6015625,64703.51953125,60752.16015625,61246.078125,60520.0078125,0
2015-10-01,61246.078125,63715.6796875,56800.80078125,58282.55859375,57591.62109375,0
2015-10-02,56800.80078125,69148.796875,55812.9609375,62727.83984375,61984.203125,0
2015-10-05,66185.28125,68160.9609375,65197.44140625,67173.1171875,66376.78125,0
2015-10-06,68160.9609375,69148.796875,64209.6015625,67173.1171875,66376.78125,0
2015-10-07,66679.203125,72112.3203125,66679.203125,67667.0390625,66864.84375,0
2015-10-08,68654.8828125,68654.8828125,67173.1171875,68160.9609375,67352.90625,0
2015-10-09,67667.0390625,67667.0390625,64209.6015625,66185.28125,65400.65625,0
2015-10-12,67667.0390625,67667.0390625,62233.921875,63221.76171875,62472.26953125,0
2015-10-13,64209.6015625,65197.44140625,62233.921875,63221.76171875,62472.26953125,0
2015-10-14,64209.6015625,67173.1171875,64209.6015625,65197.44140625,64424.5234375,0
2015-10-15,64209.6015625,67667.0390625,64209.6015625,66679.203125,65888.71875,0
2015-10-16,66679.203125,66679.203125,62233.921875,64703.51953125,63936.4609375,0
2015-10-19,65691.359375,65691.359375,62233.921875,63715.6796875,62960.33203125,0
2015-10-20,62233.921875,66185.28125,60752.16015625,65197.44140625,64424.5234375,0
2015-10-21,65197.44140625,65691.359375,63715.6796875,65691.359375,64912.58984375,0
2015-10-22,67173.1171875,67173.1171875,63715.6796875,66185.28125,65400.65625,0
2015-10-23,66185.28125,67173.1171875,65197.44140625,66185.28125,65400.65625,0
2015-10-26,66679.203125,66679.203125,65691.359375,66185.28125,65400.65625,0
2015-10-27,65197.44140625,66679.203125,64703.51953125,65691.359375,64912.58984375,0
2015-10-28,65691.359375,68160.9609375,65691.359375,68160.9609375,67352.90625,0
2015-10-29,66679.203125,68654.8828125,66679.203125,68160.9609375,67352.90625,0
2015-10-30,67173.1171875,67667.0390625,65691.359375,66185.28125,65400.65625,0
2015-11-02,67173.1171875,67173.1171875,66185.28125,66185.28125,65400.65625,0
2015-11-03,66679.203125,66679.203125,62233.921875,64209.6015625,63448.39453125,0
2015-11-04,64209.6015625,67173.1171875,63715.6796875,64209.6015625,63448.39453125,0
2015-11-05,64209.6015625,64209.6015625,56800.80078125,60258.23828125,59543.87890625,0
2015-11-06,61246.078125,64209.6015625,58282.55859375,64209.6015625,63448.39453125,0
2015-11-09,64209.6015625,64209.6015625,56800.80078125,64209.6015625,63448.39453125,0
2015-11-10,63715.6796875,63715.6796875,49392.0,49392.0,48806.45703125,0
2015-11-11,52355.51953125,57294.71875,50873.76171875,51861.6015625,51246.78515625,0
2015-11-12,52355.51953125,63715.6796875,51861.6015625,54825.12109375,54175.16796875,0
2015-11-13,56306.87890625,56306.87890625,53343.359375,54825.12109375,54175.16796875,0
2015-11-16,55319.0390625,56800.80078125,53343.359375,56306.87890625,55639.359375,0
2015-11-17,56800.80078125,56800.80078125,55319.0390625,56306.87890625,55639.359375,0
2015-11-18,55319.0390625,56306.87890625,52849.44140625,54331.19921875,53687.1015625,0
2015-11-19,55812.9609375,55812.9609375,52355.51953125,54331.19921875,53687.1015625,0
2015-11-20,51861.6015625,52849.44140625,50379.83984375,51861.6015625,51386.9296875,0
2015-11-23,50379.83984375,52355.51953125,49392.0,49392.0,48939.9296875,0
2015-11-24,49392.0,50873.76171875,46922.3984375,49885.921875,49429.33203125,0
2015-11-25,50379.83984375,52355.51953125,50379.83984375,51861.6015625,51386.9296875,0
2015-11-27,51861.6015625,51861.6015625,49392.0,49392.0,48939.9296875,0
2015-11-30,48404.16015625,51861.6015625,46922.3984375,46922.3984375,46492.9296875,0
2015-12-01,46922.3984375,47910.23828125,45440.640625,47910.23828125,47471.73046875,0
2015-12-02,46922.3984375,46922.3984375,40995.359375,41983.19921875,41598.94140625,0
2015-12-03,42477.12109375,44452.80078125,41983.19921875,43958.87890625,43556.53515625,0
2015-12-04,43464.9609375,45934.55859375,41489.28125,41983.19921875,41598.94140625,0
2015-12-07,40995.359375,41489.28125,37044.0,40501.44140625,40130.7421875,0
2015-12-08,41489.28125,43464.9609375,39513.6015625,39513.6015625,39151.9453125,0
2015-12-09,40501.44140625,41489.28125,39019.6796875,40501.44140625,40130.7421875,0
2015-12-10,39513.6015625,41489.28125,39513.6015625,40995.359375,40620.140625,0
2015-12-11,39513.6015625,41489.28125,38525.76171875,40007.51953125,39641.34375,0
2015-12-14,38525.76171875,38525.76171875,32104.80078125,35068.3203125,34747.34765625,0
2015-12-15,34574.3984375,39513.6015625,34574.3984375,37044.0,36704.94921875,0
2015-12-16,35562.23828125,40995.359375,35562.23828125,36550.078125,36215.546875,0
2015-12-17,35068.3203125,37044.0,34574.3984375,35068.3203125,34747.34765625,0
2015-12-18,34574.3984375,37044.0,34080.48046875,34080.48046875,33768.55078125,0
2015-12-21,34574.3984375,39019.6796875,34574.3984375,35562.23828125,35236.75,0
2015-12-22,34574.3984375,38525.76171875,34574.3984375,38031.83984375,37683.74609375,0
2015-12-23,38031.83984375,39513.6015625,36550.078125,38525.76171875,38173.1484375,0
2015-12-24,38525.76171875,39513.6015625,36056.16015625,39513.6015625,39151.9453125,0
2015-12-28,37537.921875,39513.6015625,36056.16015625,36056.16015625,35726.1484375,0
2015-12-29,35562.23828125,43464.9609375,30623.0390625,38031.83984375,37683.74609375,0
2015-12-30,39513.6015625,39513.6015625,32104.80078125,38031.83984375,37683.74609375,0
2015-12-31,36056.16015625,41983.19921875,35562.23828125,39513.6015625,39151.9453125,0
2016-01-04,39513.6015625,41489.28125,38525.76171875,39513.6015625,39151.9453125,0
2016-01-05,39513.6015625,40007.51953125,37537.921875,37537.921875,37194.34765625,0
2016-01-06,38031.83984375,43464.9609375,35068.3203125,39019.6796875,38662.546875,0
2016-01-07,36550.078125,40995.359375,34574.3984375,35068.3203125,34747.34765625,0
2016-01-08,38525.76171875,38525.76171875,32104.80078125,32598.720703125,32300.353515625,0
2016-01-11,33586.55859375,34574.3984375,31116.9609375,31116.9609375,30832.15625,0
2016-01-12,32104.80078125,34574.3984375,28153.439453125,33092.640625,32789.75390625,0
2016-01-13,33092.640625,34080.48046875,27165.599609375,29141.279296875,28874.55859375,0
2016-01-14,27165.599609375,32104.80078125,25189.919921875,28647.359375,28385.16015625,0
2016-01-15,26671.6796875,28647.359375,25189.919921875,26671.6796875,26427.560546875,0
2016-01-19,24696.0,25683.83984375,24696.0,24696.0,24469.96484375,0
2016-01-20,24696.0,25683.83984375,22226.400390625,23708.16015625,23491.16796875,0
2016-01-21,24202.080078125,25683.83984375,22720.3203125,25189.919921875,24959.365234375,0
2016-01-22,23708.16015625,27165.599609375,23214.240234375,27165.599609375,26916.9609375,0
2016-01-25,26177.759765625,29635.19921875,26177.759765625,27659.51953125,27406.361328125,0
2016-01-26,28153.439453125,30129.119140625,27659.51953125,29635.19921875,29363.95703125,0
2016-01-27,29635.19921875,30129.119140625,26671.6796875,29635.19921875,29363.95703125,0
2016-01-28,26671.6796875,29141.279296875,26671.6796875,27165.599609375,26916.9609375,0
2016-01-29,26671.6796875,28647.359375,26671.6796875,27165.599609375,26916.9609375,0
2016-02-01,27165.599609375,29635.19921875,27165.599609375,28153.439453125,27895.759765625,0
2016-02-02,27659.51953125,29141.279296875,26177.759765625,27165.599609375,26916.9609375,0
2016-02-03,26177.759765625,28153.439453125,26177.759765625,26671.6796875,26427.560546875,0
2016-02-04,26177.759765625,27165.599609375,24696.0,25189.919921875,24959.365234375,0
2016-02-05,25683.83984375,27165.599609375,24696.0,24696.0,24469.96484375,0
2016-02-08,26177.759765625,26177.759765625,23708.16015625,24202.080078125,23980.56640625,0
2016-02-09,23708.16015625,25683.83984375,16793.279296875,19756.80078125,19575.97265625,0
2016-02-10,22226.400390625,24696.0,17287.19921875,20250.720703125,20065.37109375,0
2016-02-11,17287.19921875,20744.640625,17287.19921875,19262.880859375,19086.57421875,0
2016-02-12,19262.880859375,19756.80078125,18768.9609375,19262.880859375,19086.57421875,0
2016-02-16,19756.80078125,19756.80078125,18768.9609375,18768.9609375,18597.173828125,0
2016-02-17,18768.9609375,19262.880859375,15311.51953125,18275.0390625,18107.7734375,0
2016-02-18,18768.9609375,18768.9609375,16299.3603515625,18275.0390625,18107.7734375,0
2016-02-19,16793.279296875,18768.9609375,16299.3603515625,17781.119140625,17618.375,0
2016-02-22,17287.19921875,18768.9609375,16299.3603515625,17781.119140625,17618.375,0
2016-02-23,17287.19921875,18275.0390625,16299.3603515625,18275.0390625,18107.7734375,0
2016-02-24,16793.279296875,18768.9609375,16793.279296875,18768.9609375,18597.173828125,0
2016-02-25,18275.0390625,19756.80078125,18275.0390625,19756.80078125,19575.97265625,0
2016-02-26,19756.80078125,21732.48046875,18768.9609375,20744.640625,20554.771484375,0
2016-02-29,21238.560546875,21732.48046875,20250.720703125,21732.48046875,21533.5703125,0
2016-03-01,21732.48046875,21732.48046875,17781.119140625,18275.0390625,18107.7734375,0
2016-03-02,19262.880859375,21732.48046875,19262.880859375,19756.80078125,19575.97265625,0
2016-03-03,20250.720703125,22226.400390625,19756.80078125,22226.400390625,22022.970703125,0
2016-03-04,22720.3203125,25683.83984375,22720.3203125,24202.080078125,23980.56640625,0
2016-03-07,24696.0,36550.078125,24696.0,36056.16015625,35726.1484375,0
2016-03-08,36056.16015625,40007.51953125,32104.80078125,35068.3203125,34747.34765625,0
2016-03-09,36550.078125,37044.0,28647.359375,35068.3203125,34747.34765625,0
2016-03-10,32598.720703125,37044.0,30129.119140625,33586.55859375,33279.15234375,0
2016-03-11,33586.55859375,34574.3984375,30623.0390625,34574.3984375,34409.7578125,0
2016-03-14,33092.640625,34574.3984375,30129.119140625,31610.880859375,31460.3515625,0
2016-03-15,32104.80078125,34080.48046875,28647.359375,33092.640625,32935.0546875,0
2016-03-16,33092.640625,33586.55859375,30623.0390625,33092.640625,32935.0546875,0
2016-03-17,32104.80078125,32104.80078125,28647.359375,28647.359375,28510.943359375,0
2016-03-18,28647.359375,32104.80078125,28647.359375,29141.279296875,29002.509765625,0
2016-03-21,30129.119140625,31610.880859375,29141.279296875,29141.279296875,29002.509765625,0
2016-03-22,29635.19921875,30623.0390625,28647.359375,29635.19921875,29494.078125,0
2016-03-23,31116.9609375,32104.80078125,28153.439453125,28153.439453125,28019.375,0
2016-03-24,29635.19921875,29635.19921875,26671.6796875,29635.19921875,29494.078125,0
2016-03-28,30623.0390625,31116.9609375,26671.6796875,29635.19921875,29494.078125,0
2016-03-29,29635.19921875,29635.19921875,28153.439453125,28647.359375,28510.943359375,0
2016-03-30,30129.119140625,31610.880859375,24696.0,26177.759765625,26053.103515625,0
2016-03-31,27659.51953125,28647.359375,27165.599609375,28647.359375,28510.943359375,0
2016-04-01,28647.359375,28647.359375,27659.51953125,27659.51953125,27527.806640625,0
2016-04-04,27659.51953125,28647.359375,27659.51953125,28153.439453125,28019.375,0
2016-04-05,28647.359375,28647.359375,28153.439453125,28647.359375,28510.943359375,0
2016-04-06,27165.599609375,31610.880859375,27165.599609375,30129.119140625,29985.646484375,0
2016-04-07,30623.0390625,31610.880859375,29141.279296875,29635.19921875,29494.078125,0
2016-04-08,31116.9609375,31610.880859375,29141.279296875,29141.279296875,29002.509765625,0
2016-04-11,29635.19921875,31610.880859375,29635.19921875,31610.880859375,31460.3515625,0
2016-04-12,31610.880859375,31610.880859375,29141.279296875,31610.880859375,31460.3515625,0
2016-04-13,31610.880859375,31610.880859375,30623.0390625,31610.880859375,31460.3515625,0
2016-04-14,31610.880859375,31610.880859375,29635.19921875,31610.880859375,31460.3515625,0
2016-04-15,29635.19921875,31610.880859375,29635.19921875,31610.880859375,31460.3515625,0
2016-04-18,30623.0390625,31610.880859375,29635.19921875,31610.880859375,31460.3515625,0
2016-04-19,31116.9609375,31610.880859375,27165.599609375,30129.119140625,29985.646484375,0
2016-04-20,31116.9609375,31116.9609375,27165.599609375,30623.0390625,30477.21484375,0
2016-04-21,31116.9609375,32104.80078125,29635.19921875,29635.19921875,29494.078125,0
2016-04-22,30623.0390625,31610.880859375,29635.19921875,31610.880859375,31460.3515625,0
2016-04-25,30623.0390625,32104.80078125,30623.0390625,32104.80078125,31951.919921875,0
2016-04-26,32104.80078125,46922.3984375,30623.0390625,43464.9609375,43257.984375,0
2016-04-27,38525.76171875,43464.9609375,38525.76171875,40995.359375,40800.140625,0
2016-04-28,41489.28125,49885.921875,41489.28125,45440.640625,45224.25390625,0
2016-04-29,46922.3984375,50873.76171875,39513.6015625,49392.0,49156.796875,0
2016-05-02,49392.0,51367.6796875,43464.9609375,45934.55859375,45715.8203125,0
2016-05-03,45440.640625,46922.3984375,45440.640625,45934.55859375,45715.8203125,0
2016-05-04,45934.55859375,49392.0,43464.9609375,43464.9609375,43257.984375,0
2016-05-05,43464.9609375,44946.71875,40007.51953125,40501.44140625,40308.578125,0
2016-05-06,40501.44140625,41983.19921875,39513.6015625,39513.6015625,39325.44140625,0
2016-05-09,38525.76171875,40007.51953125,38525.76171875,38525.76171875,38342.3046875,0
2016-05-10,38031.83984375,39513.6015625,38031.83984375,39513.6015625,39325.44140625,0
2016-05-11,38525.76171875,39019.6796875,37537.921875,38525.76171875,38342.3046875,0
2016-05-12,38031.83984375,38525.76171875,35068.3203125,37537.921875,37359.16796875,0
2016-05-13,38525.76171875,39019.6796875,34574.3984375,35562.23828125,35392.89453125,0
2016-05-16,36056.16015625,37537.921875,35562.23828125,36550.078125,36376.02734375,0
2016-05-17,34574.3984375,37537.921875,31116.9609375,35068.3203125,34901.328125,0
2016-05-18,34080.48046875,39019.6796875,34080.48046875,38031.83984375,37850.734375,0
2016-05-19,37044.0,37044.0,32598.720703125,34080.48046875,33918.19140625,0
2016-05-20,33092.640625,34574.3984375,31610.880859375,33586.55859375,33426.62109375,0
2016-05-23,32598.720703125,37044.0,31610.880859375,33092.640625,32935.0546875,0
2016-05-24,35562.23828125,35562.23828125,31116.9609375,35562.23828125,35392.89453125,0
2016-05-25,34574.3984375,34574.3984375,31116.9609375,31116.9609375,30968.783203125,0
2016-05-26,32104.80078125,33586.55859375,32104.80078125,32598.720703125,32598.720703125,0
2016-05-27,32598.720703125,33092.640625,32598.720703125,33092.640625,33092.640625,0
2016-05-31,32598.720703125,34080.48046875,31610.880859375,33586.55859375,33586.55859375,0
2016-06-01,34080.48046875,34080.48046875,32598.720703125,32598.720703125,32598.720703125,0
2016-06-02,32598.720703125,32598.720703125,31116.9609375,32104.80078125,32104.80078125,0
2016-06-03,32104.80078125,32598.720703125,31116.9609375,31116.9609375,31116.9609375,0
2016-06-06,31116.9609375,32598.720703125,28153.439453125,32598.720703125,32598.720703125,0
2016-06-07,32598.720703125,34080.48046875,27165.599609375,27165.599609375,27165.599609375,0
2016-06-08,27659.51953125,28153.439453125,25683.83984375,25683.83984375,25683.83984375,0
2016-06-09,25807.3203125,26239.5,25807.3203125,26239.5,26239.5,0
2016-06-10,26239.5,27783.0,25807.3203125,26301.240234375,26301.240234375,0
2016-06-13,26116.01953125,27659.51953125,25807.3203125,25807.3203125,25807.3203125,0
2016-06-14,25869.060546875,27597.779296875,25004.69921875,25128.1796875,25128.1796875,0
2016-06-15,25189.919921875,27165.599609375,22843.80078125,23522.939453125,23522.939453125,0
2016-06-16,23337.720703125,23337.720703125,19818.5390625,20682.900390625,20682.900390625,0
2016-06-17,20682.900390625,22102.919921875,20065.5,22041.1796875,22041.1796875,0
2016-06-20,22349.880859375,23584.6796875,21979.439453125,22041.1796875,22041.1796875,0
2016-06-21,22041.1796875,22535.099609375,20991.599609375,21979.439453125,21979.439453125,0
2016-06-22,22226.400390625,23029.01953125,20991.599609375,21855.9609375,21855.9609375,0
2016-06-23,22164.66015625,23152.5,22164.66015625,22596.83984375,22596.83984375,0
2016-06-24,20065.5,23029.01953125,20065.5,22349.880859375,22349.880859375,0
2016-06-27,22226.400390625,23955.119140625,21917.69921875,22658.580078125,22658.580078125,0
2016-06-28,22720.3203125,22782.060546875,22473.359375,22473.359375,22473.359375,0
2016-06-29,22843.80078125,22843.80078125,21300.30078125,22226.400390625,22226.400390625,0
2016-06-30,21362.0390625,22967.279296875,21362.0390625,21855.9609375,21855.9609375,0
2016-07-01,21794.220703125,24942.9609375,21794.220703125,24572.51953125,24572.51953125,0
2016-07-05,24449.0390625,24510.779296875,23399.4609375,23955.119140625,23955.119140625,0
2016-07-06,23584.6796875,23646.419921875,22720.3203125,22720.3203125,22720.3203125,0
2016-07-07,22720.3203125,25313.400390625,22041.1796875,23708.16015625,23708.16015625,0
2016-07-08,23275.98046875,24078.599609375,23275.98046875,23646.419921875,23646.419921875,0
2016-07-11,23461.19921875,24140.33984375,23029.01953125,23522.939453125,23522.939453125,0
2016-07-12,23152.5,24819.48046875,23152.5,24819.48046875,24819.48046875,0
2016-07-13,24696.0,24696.0,23831.640625,24696.0,24696.0,0
2016-07-14,24510.779296875,24510.779296875,23769.900390625,23769.900390625,23769.900390625,0
2016-07-15,24325.560546875,24325.560546875,22905.5390625,22905.5390625,22905.5390625,0
2016-07-18,23214.240234375,23214.240234375,22843.80078125,22905.5390625,22905.5390625,0
2016-07-19,23152.5,23584.6796875,22535.099609375,23584.6796875,23584.6796875,0
2016-07-20,23522.939453125,23831.640625,23029.01953125,23214.240234375,23214.240234375,0
2016-07-21,23337.720703125,27474.30078125,23337.720703125,25683.83984375,25683.83984375,0
2016-07-22,26795.16015625,26980.380859375,24140.33984375,24510.779296875,24510.779296875,0
2016-07-25,24572.51953125,26362.98046875,24510.779296875,25004.69921875,25004.69921875,0
2016-07-26,25436.880859375,25992.5390625,24263.8203125,24572.51953125,24572.51953125,0
2016-07-27,22535.099609375,23029.01953125,20188.98046875,21917.69921875,21917.69921875,0
2016-07-28,21300.30078125,23152.5,21300.30078125,22596.83984375,22596.83984375,0
2016-07-29,22102.919921875,23522.939453125,21609.0,23522.939453125,23522.939453125,0
2016-08-01,23337.720703125,23399.4609375,22226.400390625,23152.5,23152.5,0
2016-08-02,23522.939453125,24881.220703125,21485.51953125,24078.599609375,24078.599609375,0
2016-08-03,23708.16015625,25313.400390625,23708.16015625,24696.0,24696.0,0
2016-08-04,24696.0,24696.0,23152.5,23152.5,23152.5,0
2016-08-05,23399.4609375,24696.0,23399.4609375,23831.640625,23831.640625,0
2016-08-08,23152.5,24696.0,23152.5,24696.0,24696.0,0
2016-08-09,24387.30078125,25745.580078125,23708.16015625,25622.099609375,25622.099609375,0
2016-08-10,25004.69921875,25189.919921875,23769.900390625,24016.859375,24016.859375,0
2016-08-11,23522.939453125,25128.1796875,23275.98046875,23646.419921875,23646.419921875,0
2016-08-12,24942.9609375,25375.140625,23893.380859375,24140.33984375,24140.33984375,0
2016-08-15,25375.140625,25560.359375,23584.6796875,24449.0390625,24449.0390625,0
2016-08-16,24016.859375,26054.279296875,23646.419921875,24757.740234375,24757.740234375,0
2016-08-17,24696.0,24696.0,24016.859375,24263.8203125,24263.8203125,0
2016-08-18,24202.080078125,24696.0,23831.640625,23831.640625,23831.640625,0
2016-08-19,24387.30078125,24449.0390625,23955.119140625,24016.859375,24016.859375,0
2016-08-22,23584.6796875,23584.6796875,22658.580078125,23461.19921875,23461.19921875,0
2016-08-23,23275.98046875,23461.19921875,22967.279296875,23461.19921875,23461.19921875,0
2016-08-24,23029.01953125,23461.19921875,23029.01953125,23337.720703125,23337.720703125,0
2016-08-25,24510.779296875,24510.779296875,23152.5,23955.119140625,23955.119140625,0
2016-08-26,23646.419921875,24202.080078125,23152.5,24202.080078125,24202.080078125,0
2016-08-29,23646.419921875,24263.8203125,22349.880859375,22596.83984375,22596.83984375,0
2016-08-30,21732.48046875,23275.98046875,21732.48046875,23275.98046875,23275.98046875,0
2016-08-31,23399.4609375,23399.4609375,21979.439453125,21979.439453125,21979.439453125,0
2016-09-01,22720.3203125,23029.01953125,22411.619140625,22905.5390625,22905.5390625,0
2016-09-02,22843.80078125,22843.80078125,22288.140625,22720.3203125,22720.3203125,0
2016-09-06,22596.83984375,22720.3203125,22164.66015625,22226.400390625,22226.400390625,0
2016-09-07,22535.099609375,22720.3203125,21979.439453125,22535.099609375,22535.099609375,0
2016-09-08,22535.099609375,24016.859375,22164.66015625,23955.119140625,23955.119140625,0
2016-09-09,23769.900390625,23831.640625,22596.83984375,23584.6796875,23584.6796875,0
2016-09-12,23955.119140625,23955.119140625,22720.3203125,23090.759765625,23090.759765625,0
2016-09-13,23214.240234375,23214.240234375,21979.439453125,22041.1796875,22041.1796875,0
2016-09-14,22288.140625,22288.140625,21053.33984375,21053.33984375,21053.33984375,0
2016-09-15,20991.599609375,22226.400390625,20682.900390625,21609.0,21609.0,0
2016-09-16,21794.220703125,21794.220703125,21300.30078125,21423.779296875,21423.779296875,0
2016-09-19,20806.380859375,21547.259765625,20435.939453125,20435.939453125,20435.939453125,0
2016-09-20,20497.6796875,21053.33984375,20127.240234375,20374.19921875,20374.19921875,0
2016-09-21,20374.19921875,20868.119140625,20374.19921875,20374.19921875,20374.19921875,0
2016-09-22,20127.240234375,22226.400390625,20127.240234375,21423.779296875,21423.779296875,0
2016-09-23,21794.220703125,22967.279296875,20744.640625,21732.48046875,21732.48046875,0
2016-09-26,21300.30078125,21547.259765625,20868.119140625,21053.33984375,21053.33984375,0
2016-09-27,20806.380859375,21609.0,20374.19921875,21115.080078125,21115.080078125,0
2016-09-28,21855.9609375,21855.9609375,21176.8203125,21238.560546875,21238.560546875,0
2016-09-29,21176.8203125,22720.3203125,20991.599609375,21115.080078125,21115.080078125,0
2016-09-30,20868.119140625,20991.599609375,20312.4609375,20312.4609375,20312.4609375,0
2016-10-03,20374.19921875,21732.48046875,20065.5,20991.599609375,20991.599609375,0
2016-10-04,20806.380859375,20991.599609375,19942.01953125,19942.01953125,19942.01953125,0
2016-10-05,20374.19921875,21609.0,20374.19921875,20497.6796875,20497.6796875,0
2016-10-06,20497.6796875,20559.419921875,20127.240234375,20188.98046875,20188.98046875,0
2016-10-07,19942.01953125,20127.240234375,19139.400390625,19818.5390625,19818.5390625,0
2016-10-10,19633.3203125,21238.560546875,19015.919921875,20250.720703125,20250.720703125,0
2016-10-11,20806.380859375,20806.380859375,18707.220703125,19633.3203125,19633.3203125,0
2016-10-12,19386.359375,21176.8203125,18954.1796875,20374.19921875,20374.19921875,0
2016-10-13,19509.83984375,20127.240234375,18707.220703125,18768.9609375,18768.9609375,0
2016-10-14,18954.1796875,19386.359375,16114.1396484375,19386.359375,19386.359375,0
2016-10-17,19077.66015625,19139.400390625,17348.939453125,17657.640625,17657.640625,0
2016-10-18,17781.119140625,17904.599609375,16669.80078125,17040.240234375,17040.240234375,0
2016-10-19,16731.5390625,17163.720703125,16669.80078125,16855.01953125,16855.01953125,0
2016-10-20,16978.5,17842.859375,16916.759765625,17287.19921875,17287.19921875,0
2016-10-21,16978.5,16978.5,15496.740234375,16669.80078125,16669.80078125,0
2016-10-24,16237.6201171875,16237.6201171875,15435.0,15435.0,15435.0,0
2016-10-25,15435.0,15743.7001953125,15435.0,15558.48046875,15558.48046875,0
2016-10-26,15681.9599609375,15743.7001953125,15435.0,15435.0,15435.0,0
2016-10-27,15620.2197265625,15743.7001953125,14817.599609375,14941.080078125,14941.080078125,0
2016-10-28,14817.599609375,15743.7001953125,14817.599609375,15188.0400390625,15188.0400390625,0
2016-10-31,15435.0,15435.0,14941.080078125,15002.8203125,15002.8203125,0
2016-11-01,14941.080078125,15249.7802734375,14817.599609375,14941.080078125,14941.080078125,0
2016-11-02,14941.080078125,15064.5595703125,14817.599609375,14817.599609375,14817.599609375,0
2016-11-03,14879.33984375,15188.0400390625,14323.6796875,14817.599609375,14817.599609375,0
2016-11-04,14323.6796875,14694.1201171875,13953.240234375,14261.9404296875,14261.9404296875,0
2016-11-07,14508.900390625,15002.8203125,13953.240234375,13953.240234375,13953.240234375,0
2016-11-08,14076.7197265625,14694.1201171875,13521.0595703125,13953.240234375,13953.240234375,0
2016-11-09,13644.5400390625,14447.16015625,12348.0,13644.5400390625,13644.5400390625,0
2016-11-10,13644.5400390625,14632.3798828125,13212.3603515625,13521.0595703125,13521.0595703125,0
2016-11-11,13335.83984375,14570.6396484375,13335.83984375,14200.2001953125,14200.2001953125,0
2016-11-14,14261.9404296875,16175.8798828125,14261.9404296875,14879.33984375,14879.33984375,0
2016-11-15,16052.400390625,43711.921875,16052.400390625,37908.359375,37908.359375,700
2016-11-16,51552.8984375,161573.578125,51058.98046875,79397.640625,79397.640625,3000
2016-11-17,111132.0,126196.5625,25004.69921875,25004.69921875,25004.69921875,2100
2016-11-18,30129.119140625,36858.78125,27597.779296875,32413.5,32413.5,2400
2016-11-21,35809.19921875,37537.921875,29264.759765625,31178.69921875,31178.69921875,600
2016-11-22,30623.0390625,32228.279296875,25930.80078125,26486.4609375,26486.4609375,200
2016-11-23,27227.33984375,32413.5,25436.880859375,28400.400390625,28400.400390625,400
2016-11-25,27350.8203125,28709.099609375,26239.5,26980.380859375,26980.380859375,100
2016-11-28,26980.380859375,29943.900390625,22596.83984375,23152.5,23152.5,300
2016-11-29,22843.80078125,24572.51953125,20929.859375,21979.439453125,21979.439453125,200
2016-11-30,23337.720703125,23893.380859375,21115.080078125,22102.919921875,22102.919921875,200
2016-12-01,24016.859375,24387.30078125,19386.359375,20312.4609375,20312.4609375,200
2016-12-02,19324.619140625,20250.720703125,19201.140625,19509.83984375,19509.83984375,0
2016-12-05,19262.880859375,20312.4609375,18089.8203125,18089.8203125,18089.8203125,100
2016-12-06,18089.8203125,19571.580078125,17595.900390625,18892.439453125,18892.439453125,100
2016-12-07,18583.740234375,18583.740234375,17163.720703125,17534.16015625,17534.16015625,0
2016-12-08,17225.4609375,17348.939453125,14570.6396484375,14817.599609375,14817.599609375,100
2016-12-09,14879.33984375,16422.83984375,14261.9404296875,14447.16015625,14447.16015625,0
2016-12-12,14385.419921875,15064.5595703125,13212.3603515625,13644.5400390625,13644.5400390625,0
2016-12-13,13768.01953125,13891.5,12780.1796875,13582.7998046875,13582.7998046875,0
2016-12-14,13644.5400390625,13768.01953125,12533.2197265625,12718.4404296875,12718.4404296875,0
2016-12-15,13212.3603515625,24387.30078125,12903.66015625,23955.119140625,23955.119140625,1700
2016-12-16,26733.419921875,26918.640625,19448.099609375,19756.80078125,19756.80078125,1200
2016-12-19,19324.619140625,21485.51953125,18522.0,19756.80078125,19756.80078125,200
2016-12-20,19818.5390625,20250.720703125,18275.0390625,18768.9609375,18768.9609375,100
2016-12-21,21238.560546875,21547.259765625,18275.0390625,20188.98046875,20188.98046875,200
2016-12-22,19448.099609375,20374.19921875,18892.439453125,20003.759765625,20003.759765625,0
2016-12-23,19818.5390625,19880.279296875,18583.740234375,19015.919921875,19015.919921875,0
2016-12-27,19139.400390625,19509.83984375,17966.33984375,19015.919921875,19015.919921875,0
2016-12-28,19139.400390625,19139.400390625,18028.080078125,18460.259765625,18460.259765625,0
2016-12-29,18522.0,19139.400390625,17595.900390625,17966.33984375,17966.33984375,0
2016-12-30,18028.080078125,18028.080078125,16793.279296875,17163.720703125,17163.720703125,0
2017-01-03,16916.759765625,18213.30078125,16793.279296875,17781.119140625,17781.119140625,0
2017-01-04,17966.33984375,19695.060546875,17904.599609375,18892.439453125,18892.439453125,0
2017-01-05,18954.1796875,20003.759765625,18089.8203125,18522.0,18522.0,0
2017-01-06,18460.259765625,18830.69921875,17410.6796875,17410.6796875,17410.6796875,0
2017-01-09,17225.4609375,17781.119140625,16361.099609375,16546.3203125,16546.3203125,0
2017-01-10,16422.83984375,16916.759765625,15743.7001953125,15990.66015625,15990.66015625,0
2017-01-11,16052.400390625,19448.099609375,15805.4404296875,17040.240234375,17040.240234375,100
2017-01-12,17287.19921875,17287.19921875,15743.7001953125,16546.3203125,16546.3203125,0
2017-01-13,16546.3203125,23152.5,15928.919921875,18275.0390625,18275.0390625,500
2017-01-17,18583.740234375,19633.3203125,17472.419921875,18151.560546875,18151.560546875,100
2017-01-18,17904.599609375,20991.599609375,17410.6796875,19324.619140625,19324.619140625,500
2017-01-19,19386.359375,20497.6796875,18151.560546875,18583.740234375,18583.740234375,100
2017-01-20,19509.83984375,21979.439453125,18892.439453125,20003.759765625,20003.759765625,200
2017-01-23,20929.859375,21300.30078125,19139.400390625,19756.80078125,19756.80078125,100
2017-01-24,19139.400390625,19386.359375,17966.33984375,18336.779296875,18336.779296875,100
2017-01-25,18522.0,18645.48046875,17595.900390625,18089.8203125,18089.8203125,0
2017-01-26,18151.560546875,18151.560546875,16916.759765625,17287.19921875,17287.19921875,0
2017-01-27,17040.240234375,17040.240234375,14323.6796875,14879.33984375,14879.33984375,100
2017-01-30,14323.6796875,15435.0,14200.2001953125,14694.1201171875,14694.1201171875,0
2017-01-31,16855.01953125,20065.5,15681.9599609375,18830.69921875,18830.69921875,700
2017-02-01,20497.6796875,20991.599609375,16731.5390625,17657.640625,17657.640625,300
2017-02-02,17657.640625,17657.640625,16361.099609375,17163.720703125,17163.720703125,0
2017-02-03,16731.5390625,17595.900390625,16608.060546875,16793.279296875,16793.279296875,0
2017-02-06,16793.279296875,18213.30078125,16608.060546875,17966.33984375,17966.33984375,100
2017-02-07,17781.119140625,18089.8203125,16793.279296875,16916.759765625,16916.759765625,0
2017-02-08,16669.80078125,16669.80078125,15435.0,15558.48046875,15558.48046875,0
2017-02-09,15805.4404296875,16422.83984375,15620.2197265625,15990.66015625,15990.66015625,0
2017-02-10,16114.1396484375,16299.3603515625,15620.2197265625,15990.66015625,15990.66015625,0
2017-02-13,16669.80078125,19386.359375,15496.740234375,16731.5390625,16731.5390625,300
2017-02-14,19077.66015625,19818.5390625,17534.16015625,17966.33984375,17966.33984375,300
2017-02-15,17287.19921875,17657.640625,16546.3203125,16793.279296875,16793.279296875,100
2017-02-16,17040.240234375,17225.4609375,16546.3203125,16793.279296875,16793.279296875,0
2017-02-17,18522.0,18522.0,16793.279296875,17287.19921875,17287.19921875,100
2017-02-21,17163.720703125,17225.4609375,16422.83984375,16484.580078125,16484.580078125,0
2017-02-22,16608.060546875,16978.5,16175.8798828125,16422.83984375,16422.83984375,0
2017-02-23,16669.80078125,16669.80078125,15435.0,15743.7001953125,15743.7001953125,0
2017-02-24,15681.9599609375,15990.66015625,15126.2998046875,15743.7001953125,15743.7001953125,0
2017-02-27,15743.7001953125,15805.4404296875,15188.0400390625,15435.0,15435.0,0
2017-02-28,15311.51953125,15990.66015625,14941.080078125,15002.8203125,15002.8203125,0
2017-03-01,15064.5595703125,15435.0,14632.3798828125,14941.080078125,14941.080078125,0
2017-03-02,14817.599609375,15867.1796875,14755.8603515625,15188.0400390625,15188.0400390625,0
2017-03-03,15249.7802734375,16052.400390625,14632.3798828125,15681.9599609375,15681.9599609375,0
2017-03-06,15496.740234375,16052.400390625,15311.51953125,15867.1796875,15867.1796875,0
2017-03-07,15681.9599609375,16052.400390625,15126.2998046875,15496.740234375,15496.740234375,0
2017-03-08,15249.7802734375,16299.3603515625,14879.33984375,16114.1396484375,16114.1396484375,0
2017-03-09,16114.1396484375,16237.6201171875,15126.2998046875,16175.8798828125,16175.8798828125,0
2017-03-10,16175.8798828125,16237.6201171875,15249.7802734375,16052.400390625,16052.400390625,0
2017-03-13,15743.7001953125,16175.8798828125,14570.6396484375,15743.7001953125,15743.7001953125,0
2017-03-14,15373.259765625,16052.400390625,15311.51953125,15620.2197265625,15620.2197265625,0
2017-03-15,15928.919921875,16669.80078125,15126.2998046875,15249.7802734375,15249.7802734375,0
2017-03-16,15435.0,18089.8203125,15435.0,17163.720703125,17163.720703125,200
2017-03-17,17101.98046875,17101.98046875,16052.400390625,16114.1396484375,16114.1396484375,0
2017-03-20,16052.400390625,16052.400390625,15126.2998046875,15373.259765625,15373.259765625,0
2017-03-21,15496.740234375,15558.48046875,13891.5,14076.7197265625,14076.7197265625,0
2017-03-22,10681.01953125,13335.83984375,8767.080078125,10125.3603515625,10125.3603515625,500
2017-03-23,9878.400390625,12348.0,9878.400390625,10125.3603515625,10125.3603515625,200
2017-03-24,10063.6201171875,11113.2001953125,9261.0,9261.0,9261.0,100
2017-03-27,8828.8203125,9137.51953125,8520.1201171875,8767.080078125,8767.080078125,100
2017-03-28,8890.5595703125,10125.3603515625,8581.8603515625,9384.48046875,9384.48046875,200
2017-03-29,9322.740234375,9816.66015625,8767.080078125,9014.0400390625,9014.0400390625,200
2017-03-30,8890.5595703125,9014.0400390625,8334.900390625,8396.6396484375,8396.6396484375,100
2017-03-31,8581.8603515625,8890.5595703125,7717.5,8026.2001953125,8026.2001953125,100
2017-04-03,8026.2001953125,8026.2001953125,6914.8798828125,6976.6201171875,6976.6201171875,200
2017-04-04,7161.83984375,7408.7998046875,6359.22021484375,7161.83984375,7161.83984375,100
2017-04-05,7038.35986328125,7100.10009765625,6174.0,6297.47998046875,6297.47998046875,100
2017-04-06,6420.9599609375,6420.9599609375,5371.3798828125,5556.60009765625,5556.60009765625,200
2017-04-07,5556.60009765625,5556.60009765625,4568.759765625,4753.97998046875,4753.97998046875,200
2017-04-10,4753.97998046875,5556.60009765625,4630.5,4877.4599609375,4877.4599609375,200
2017-04-11,4939.2001953125,4939.2001953125,4136.580078125,4198.31982421875,4198.31982421875,100
2017-04-12,4321.7998046875,4568.759765625,3704.39990234375,4383.5400390625,4383.5400390625,200
2017-04-13,4568.759765625,4568.759765625,3951.360107421875,4013.10009765625,4013.10009765625,0
2017-04-17,4013.10009765625,4074.840087890625,3766.139892578125,3766.139892578125,3766.139892578125,0
2017-04-18,3827.8798828125,3951.360107421875,3580.919921875,3642.659912109375,3642.659912109375,0
2017-04-19,3580.919921875,3766.139892578125,3580.919921875,3642.659912109375,3642.659912109375,100
2017-04-20,3704.39990234375,3827.8798828125,3333.9599609375,3457.43994140625,3457.43994140625,100
2017-04-21,3457.43994140625,4260.06005859375,3210.47998046875,3766.139892578125,3766.139892578125,300
2017-04-24,3766.139892578125,3951.360107421875,3333.9599609375,3395.699951171875,3395.699951171875,100
2017-04-25,3642.659912109375,3642.659912109375,3210.47998046875,3395.699951171875,3395.699951171875,0
2017-04-26,3457.43994140625,3457.43994140625,3272.219970703125,3457.43994140625,3457.43994140625,0
2017-04-27,3272.219970703125,3457.43994140625,3272.219970703125,3395.699951171875,3395.699951171875,0
2017-04-28,3395.699951171875,3457.43994140625,3087.0,3087.0,3087.0,0
2017-05-01,3272.219970703125,3272.219970703125,2531.340087890625,2716.56005859375,2716.56005859375,100
2017-05-02,2778.300048828125,2778.300048828125,2469.60009765625,2469.60009765625,2469.60009765625,0
2017-05-03,2716.56005859375,3025.260009765625,2469.60009765625,3025.260009765625,3025.260009765625,0
2017-05-04,2901.780029296875,2963.52001953125,2778.300048828125,2840.0400390625,2840.0400390625,0
2017-05-05,2840.0400390625,3272.219970703125,2716.56005859375,3087.0,3087.0,0
2017-05-08,3087.0,3087.0,2840.0400390625,2963.52001953125,2963.52001953125,0
2017-05-09,3148.739990234375,3148.739990234375,2840.0400390625,2840.0400390625,2840.0400390625,0
2017-05-10,2778.300048828125,3087.0,2716.56005859375,2901.780029296875,2901.780029296875,0
2017-05-11,2901.780029296875,3087.0,2716.56005859375,3025.260009765625,3025.260009765625,0
2017-05-12,3087.0,3087.0,2778.300048828125,2778.300048828125,2778.300048828125,0
2017-05-15,2840.0400390625,3025.260009765625,2840.0400390625,2840.0400390625,2840.0400390625,0
2017-05-16,2840.0400390625,3025.260009765625,2778.300048828125,2840.0400390625,2840.0400390625,0
2017-05-17,2778.300048828125,3025.260009765625,2778.300048828125,2963.52001953125,2963.52001953125,0
2017-05-18,2963.52001953125,2963.52001953125,2593.080078125,2840.0400390625,2840.0400390625,0
2017-05-19,2778.300048828125,2901.780029296875,2654.820068359375,2901.780029296875,2901.780029296875,0
2017-05-22,2963.52001953125,2963.52001953125,2469.60009765625,2531.340087890625,2531.340087890625,0
2017-05-23,2593.080078125,2593.080078125,2284.3798828125,2407.860107421875,2407.860107421875,0
2017-05-24,2778.300048828125,2778.300048828125,2346.1201171875,2407.860107421875,2407.860107421875,0
2017-05-25,2469.60009765625,2716.56005859375,2284.3798828125,2469.60009765625,2469.60009765625,100
2017-05-26,2346.1201171875,2469.60009765625,2284.3798828125,2407.860107421875,2407.860107421875,0
2017-05-30,2469.60009765625,2469.60009765625,2160.89990234375,2160.89990234375,2160.89990234375,0
2017-05-31,2160.89990234375,2284.3798828125,2160.89990234375,2222.639892578125,2222.639892578125,0
2017-06-01,2222.639892578125,2407.860107421875,2160.89990234375,2160.89990234375,2160.89990234375,0
2017-06-02,2284.3798828125,2284.3798828125,2037.4200439453125,2037.4200439453125,2037.4200439453125,0
2017-06-05,2160.89990234375,2160.89990234375,2037.4200439453125,2099.159912109375,2099.159912109375,0
2017-06-06,2099.159912109375,2469.60009765625,1975.6800537109373,2469.60009765625,2469.60009765625,100
2017-06-07,2346.1201171875,2407.860107421875,2160.89990234375,2222.639892578125,2222.639892578125,0
2017-06-08,2160.89990234375,2346.1201171875,2160.89990234375,2222.639892578125,2222.639892578125,0
2017-06-09,2284.3798828125,2346.1201171875,2160.89990234375,2284.3798828125,2284.3798828125,0
2017-06-12,2346.1201171875,2469.60009765625,2284.3798828125,2407.860107421875,2407.860107421875,0
2017-06-13,2407.860107421875,3148.739990234375,2160.89990234375,2716.56005859375,2716.56005859375,200
2017-06-14,2716.56005859375,2716.56005859375,2469.60009765625,2593.080078125,2593.080078125,0
2017-06-15,2469.60009765625,3025.260009765625,2469.60009765625,2654.820068359375,2654.820068359375,0
2017-06-16,2778.300048828125,2778.300048828125,2284.3798828125,2346.1201171875,2346.1201171875,0
2017-06-19,2407.860107421875,2469.60009765625,2346.1201171875,2407.860107421875,2407.860107421875,0
2017-06-20,2469.60009765625,2469.60009765625,2284.3798828125,2284.3798828125,2284.3798828125,0
2017-06-21,2469.60009765625,2469.60009765625,2284.3798828125,2284.3798828125,2284.3798828125,0
2017-06-22,2284.3798828125,2346.1201171875,2222.639892578125,2284.3798828125,2284.3798828125,0
2017-06-23,2284.3798828125,2346.1201171875,2160.89990234375,2284.3798828125,2284.3798828125,0
2017-06-26,2284.3798828125,2284.3798828125,2160.89990234375,2222.639892578125,2222.639892578125,0
2017-06-27,2284.3798828125,2407.860107421875,2222.639892578125,2346.1201171875,2346.1201171875,0
2017-06-28,2407.860107421875,2407.860107421875,2222.639892578125,2346.1201171875,2346.1201171875,0
2017-06-29,2346.1201171875,2346.1201171875,2222.639892578125,2222.639892578125,2222.639892578125,0
2017-06-30,2346.1201171875,2778.300048828125,2222.639892578125,2346.1201171875,2346.1201171875,100
2017-07-03,1975.6800537109373,2037.4200439453125,1666.97998046875,1728.719970703125,1728.719970703125,100
2017-07-05,1569.9599609375,1569.9599609375,1014.2999877929688,1252.43994140625,1252.43994140625,1100
2017-07-06,1111.3199462890623,1173.06005859375,952.5599975585938,952.5599975585938,952.5599975585938,600
2017-07-07,979.02001953125,979.02001953125,740.8800048828125,767.3400268554688,767.3400268554688,700
2017-07-10,767.3400268554688,767.3400268554688,573.2999877929688,705.5999755859375,705.5999755859375,500
2017-07-11,661.5,679.1400146484375,555.6599731445311,590.9400024414062,590.9400024414062,500
2017-07-12,511.55999755859375,582.1199951171875,493.9200134277344,529.2000122070311,529.2000122070311,1400
2017-07-13,511.55999755859375,555.6599731445311,441.0,449.8200073242188,449.8200073242188,600
2017-07-14,467.4599914550781,476.2799987792969,405.7200012207031,423.3599853515625,423.3599853515625,1300
2017-07-17,441.0,467.4599914550781,361.6199951171875,458.6400146484375,458.6400146484375,800
2017-07-18,458.6400146484375,485.1000061035156,396.8999938964844,423.3599853515625,423.3599853515625,800
2017-07-19,414.5400085449219,458.6400146484375,388.0799865722656,423.3599853515625,423.3599853515625,300
2017-07-20,396.8999938964844,423.3599853515625,370.4400024414063,396.8999938964844,396.8999938964844,400
2017-07-21,388.0799865722656,564.47998046875,379.260009765625,396.8999938964844,396.8999938964844,2300
2017-07-24,441.0,493.9200134277344,423.3599853515625,449.8200073242188,449.8200073242188,5200
2017-07-25,705.5999755859375,732.0599975585938,396.8999938964844,405.7200012207031,405.7200012207031,30600
2017-07-26,264.60000610351557,282.239990234375,167.5800018310547,167.5800018310547,167.5800018310547,14800
2017-07-27,136.71000671386722,167.5800018310547,113.19000244140624,122.01000213623048,122.01000213623048,23600
2017-07-28,119.06999969482422,130.83000183105472,102.9000015258789,104.37000274658205,104.37000274658205,6800
2017-07-31,102.9000015258789,105.83999633789062,70.55999755859375,73.5,73.5,9000
2017-08-01,73.5,91.13999938964844,66.15000152587889,76.44000244140625,76.44000244140625,20600
2017-08-02,76.44000244140625,76.44000244140625,60.27000045776367,64.68000030517578,64.68000030517578,7900
2017-08-03,58.79999923706055,60.27000045776367,47.040000915527344,52.91999816894531,52.91999816894531,6100
2017-08-04,57.33000183105469,77.91000366210938,54.38999938964844,60.27000045776367,60.27000045776367,23400
2017-08-07,69.08999633789061,69.08999633789061,52.91999816894531,57.33000183105469,57.33000183105469,5000
2017-08-08,55.86000061035156,60.27000045776367,51.45000076293945,55.86000061035156,55.86000061035156,5000
2017-08-09,54.38999938964844,54.38999938964844,48.5099983215332,51.45000076293945,51.45000076293945,5400
2017-08-10,51.45000076293945,72.02999877929688,49.97999954223633,60.27000045776367,60.27000045776367,14100
2017-08-11,80.8499984741211,83.79000091552734,63.209999084472656,69.08999633789061,69.08999633789061,28300
2017-08-14,72.02999877929688,79.37999725341797,63.209999084472656,73.5,73.5,14800
2017-08-15,76.44000244140625,77.91000366210938,69.08999633789061,73.5,73.5,6400
2017-08-16,72.02999877929688,72.02999877929688,61.7400016784668,64.68000030517578,64.68000030517578,4600
2017-08-17,66.15000152587889,66.15000152587889,58.79999923706055,61.7400016784668,61.7400016784668,2500
2017-08-18,63.209999084472656,67.62000274658203,54.38999938964844,66.15000152587889,66.15000152587889,5800
2017-08-21,72.02999877929688,79.37999725341797,67.62000274658203,72.02999877929688,72.02999877929688,7900
2017-08-22,69.08999633789061,69.08999633789061,63.209999084472656,64.68000030517578,64.68000030517578,3200
2017-08-23,44.099998474121094,49.97999954223633,35.279998779296875,38.22000122070313,38.22000122070313,34900
2017-08-24,28.13999938964844,30.45000076293945,22.049999237060547,24.149999618530273,24.149999618530273,50700
2017-08-25,23.729999542236328,23.729999542236328,18.059999465942386,19.950000762939453,19.950000762939453,48200
2017-08-28,19.31999969482422,19.31999969482422,14.90999984741211,15.539999961853027,15.539999961853027,48500
2017-08-29,14.279999732971193,19.11000061035156,14.06999969482422,14.279999732971193,14.279999732971193,63700
2017-08-30,14.06999969482422,14.279999732971193,12.390000343322756,13.020000457763672,13.020000457763672,40400
2017-08-31,12.390000343322756,12.8100004196167,10.710000038146973,11.760000228881836,11.760000228881836,39000
2017-09-01,10.920000076293944,11.760000228881836,10.289999961853027,11.34000015258789,11.34000015258789,21400
2017-09-05,11.130000114440918,11.550000190734865,9.029999732971193,9.869999885559082,9.869999885559082,25500
2017-09-06,9.869999885559082,9.869999885559082,8.609999656677246,9.869999885559082,9.869999885559082,8800
2017-09-07,9.65999984741211,12.390000343322756,9.65999984741211,11.130000114440918,11.130000114440918,61900
2017-09-08,10.5,11.130000114440918,9.239999771118164,10.079999923706056,10.079999923706056,18700
2017-09-11,10.5,10.920000076293944,9.65999984741211,10.920000076293944,10.920000076293944,14700
2017-09-12,11.130000114440918,11.550000190734865,10.5,11.130000114440918,11.130000114440918,7400
2017-09-13,11.34000015258789,11.34000015258789,10.5,10.920000076293944,10.920000076293944,8000
2017-09-14,10.920000076293944,13.229999542236328,10.079999923706056,10.289999961853027,10.289999961853027,59000
2017-09-15,10.5,11.130000114440918,9.869999885559082,10.079999923706056,10.079999923706056,17600
2017-09-18,10.079999923706056,11.130000114440918,9.65999984741211,10.5,10.5,6000
2017-09-19,10.5,10.710000038146973,9.65999984741211,10.289999961853027,10.289999961853027,12300
2017-09-20,10.710000038146973,10.710000038146973,9.029999732971193,9.65999984741211,9.65999984741211,20200
2017-09-21,10.079999923706056,10.079999923706056,9.449999809265137,9.65999984741211,9.65999984741211,3800
2017-09-22,9.869999885559082,9.869999885559082,8.399999618530272,8.819999694824219,8.819999694824219,18000
2017-09-25,5.320000171661377,5.53000020980835,4.900000095367432,5.179999828338623,5.179999828338623,85400
2017-09-26,4.900000095367432,5.179999828338623,4.269999980926514,4.96999979019165,4.96999979019165,36000
2017-09-27,4.96999979019165,14.0,4.96999979019165,6.789999961853027,6.789999961853027,507300
2017-09-28,6.440000057220459,7.559999942779541,4.96999979019165,5.179999828338623,5.179999828338623,335600
2017-09-29,5.25,5.53000020980835,4.269999980926514,4.3400001525878915,4.3400001525878915,180800
2017-10-02,3.7799999713897705,4.3400001525878915,3.4300000667572017,3.5699999332427983,3.5699999332427983,246100
2017-10-03,3.7100000381469727,3.7100000381469727,3.150000095367432,3.289999961853028,3.289999961853028,127900
2017-10-04,3.5,5.179999828338623,3.359999895095825,3.990000009536743,3.990000009536743,366500
2017-10-05,5.179999828338623,5.25,3.7100000381469727,3.7799999713897705,3.7799999713897705,498600
2017-10-06,4.130000114440918,4.550000190734863,3.849999904632568,4.130000114440918,4.130000114440918,411400
2017-10-09,3.0799999237060547,3.359999895095825,3.009999990463257,3.0799999237060547,3.0799999237060547,259600
2017-10-10,3.220000028610229,3.359999895095825,3.009999990463257,3.0799999237060547,3.0799999237060547,95800
2017-10-11,3.150000095367432,3.150000095367432,3.009999990463257,3.150000095367432,3.150000095367432,55200
2017-10-12,3.289999961853028,4.059999942779541,3.0799999237060547,3.4300000667572017,3.4300000667572017,273100
2017-10-13,3.640000104904175,3.7799999713897705,3.150000095367432,3.220000028610229,3.220000028610229,148500
2017-10-16,3.4300000667572017,3.5,3.220000028610229,3.359999895095825,3.359999895095825,49800
2017-10-17,3.4300000667572017,3.4300000667572017,3.220000028610229,3.220000028610229,3.220000028610229,73600
2017-10-18,3.359999895095825,3.359999895095825,3.220000028610229,3.359999895095825,3.359999895095825,34900
2017-10-19,3.359999895095825,3.359999895095825,3.220000028610229,3.289999961853028,3.289999961853028,25000
2017-10-20,3.359999895095825,3.359999895095825,2.940000057220459,3.220000028610229,3.220000028610229,56400
2017-10-23,3.220000028610229,3.359999895095825,2.940000057220459,3.009999990463257,3.009999990463257,115100
2017-10-24,3.150000095367432,3.150000095367432,2.5199999809265137,2.799999952316284,2.799999952316284,126600
2017-10-25,2.799999952316284,3.5,2.6600000858306885,3.220000028610229,3.220000028610229,217000
2017-10-26,3.359999895095825,4.130000114440918,3.150000095367432,3.359999895095825,3.359999895095825,272300
2017-10-27,3.359999895095825,3.359999895095825,3.0799999237060547,3.220000028610229,3.220000028610229,46900
2017-10-30,3.289999961853028,3.5,3.150000095367432,3.150000095367432,3.150000095367432,30100
2017-10-31,2.869999885559082,2.940000057220459,2.240000009536743,2.240000009536743,2.240000009536743,261500
2017-11-01,2.240000009536743,2.450000047683716,2.0299999713897705,2.0999999046325684,2.0999999046325684,194500
2017-11-02,1.7100000381469729,3.4500000476837163,1.559999942779541,2.5,2.5,1331400
2017-11-03,4.260000228881837,19.700000762939453,4.2100000381469735,11.210000038146973,11.210000038146973,28393900
2017-11-06,15.81999969482422,28.479999542236328,15.25,20.190000534057614,20.190000534057614,15175000
2017-11-07,26.0,28.0,13.8100004196167,14.270000457763672,14.270000457763672,6101800
2017-11-08,13.5,15.449999809265135,10.369999885559082,11.710000038146973,11.710000038146973,2681200
2017-11-09,10.68000030517578,13.0,10.020000457763672,11.010000228881836,11.010000228881836,844700
2017-11-10,11.739999771118164,12.449999809265135,10.6899995803833,10.880000114440918,10.880000114440918,925000
2017-11-13,10.399999618530273,10.510000228881836,7.420000076293945,7.789999961853027,7.789999961853027,885700
2017-11-14,7.5999999046325675,7.5999999046325675,5.820000171661378,6.940000057220459,6.940000057220459,1045200
2017-11-15,6.5900001525878915,8.84000015258789,6.0900001525878915,6.699999809265138,6.699999809265138,1364900
2017-11-16,6.739999771118164,7.489999771118164,6.309999942779541,6.5999999046325675,6.5999999046325675,560700
2017-11-17,12.210000038146973,17.360000610351562,8.159999847412111,8.229999542236326,8.229999542236326,11806700
2017-11-20,10.8100004196167,12.449999809265135,9.220000267028807,10.039999961853027,10.039999961853027,5840200
2017-11-21,10.529999732971193,10.550000190734863,8.260000228881836,8.989999771118164,8.989999771118164,1765400
2017-11-22,8.510000228881836,8.75,7.320000171661378,7.369999885559082,7.369999885559082,813400
2017-11-24,7.039999961853027,7.75,6.78000020980835,7.050000190734862,7.050000190734862,382200
2017-11-27,6.5,9.390000343322754,6.210000038146973,9.350000381469727,9.350000381469727,2239100
2017-11-28,8.369999885559082,8.600000381469728,7.4000000953674325,7.480000019073486,7.480000019073486,1109900
2017-11-29,7.6599998474121085,8.399999618530272,7.199999809265138,7.440000057220459,7.440000057220459,797800
2017-11-30,7.320000171661378,7.570000171661378,6.889999866485597,7.03000020980835,7.03000020980835,572900
2017-12-01,8.069999694824219,8.300000190734862,7.039999961853027,7.210000038146973,7.210000038146973,949900
2017-12-04,7.179999828338622,7.360000133514403,6.820000171661378,7.1500000953674325,7.1500000953674325,448100
2017-12-05,7.070000171661378,7.25,6.5999999046325675,6.630000114440918,6.630000114440918,400800
2017-12-06,6.5,6.739999771118164,5.9000000953674325,6.039999961853027,6.039999961853027,485800
2017-12-07,5.9000000953674325,7.489999771118164,5.699999809265138,6.019999980926514,6.019999980926514,1545900
2017-12-08,6.889999866485597,6.920000076293945,6.059999942779541,6.179999828338622,6.179999828338622,1362500
2017-12-11,6.0,6.269999980926514,5.75,5.929999828338622,5.929999828338622,465700
2017-12-12,5.800000190734862,5.889999866485597,5.1599998474121085,5.170000076293945,5.170000076293945,903300
2017-12-13,5.03000020980835,5.550000190734863,5.03000020980835,5.239999771118164,5.239999771118164,482900
2017-12-14,5.139999866485597,5.150000095367432,4.6599998474121085,4.869999885559082,4.869999885559082,1515000
2017-12-15,7.059999942779541,7.130000114440918,5.360000133514403,5.440000057220459,5.440000057220459,4725500
2017-12-18,5.28000020980835,5.5,4.900000095367432,5.050000190734863,5.050000190734863,1448100
2017-12-19,5.0,5.190000057220459,4.849999904632568,4.96999979019165,4.96999979019165,596800
2017-12-20,4.9099998474121085,4.96999979019165,4.699999809265137,4.75,4.75,451600
2017-12-21,4.610000133514403,4.760000228881836,4.510000228881836,4.760000228881836,4.760000228881836,450100
2017-12-22,5.699999809265138,5.940000057220459,4.599999904632568,4.619999885559082,4.619999885559082,3942200
2017-12-26,4.5,4.679999828338623,4.099999904632568,4.199999809265137,4.199999809265137,928900
2017-12-27,4.139999866485597,4.559999942779541,4.050000190734863,4.369999885559082,4.369999885559082,865900
2017-12-28,4.380000114440918,4.53000020980835,4.099999904632568,4.309999942779541,4.309999942779541,558100
2017-12-29,4.190000057220459,4.300000190734863,4.050000190734863,4.059999942779541,4.059999942779541,585300
2018-01-02,4.059999942779541,4.150000095367432,3.9600000381469727,4.0300002098083505,4.0300002098083505,405800
2018-01-03,4.0,4.550000190734863,3.9500000476837163,4.010000228881837,4.010000228881837,1394000
2018-01-04,4.150000095367432,4.1599998474121085,3.900000095367432,4.0900001525878915,4.0900001525878915,673900
2018-01-05,4.010000228881837,4.099999904632568,3.9500000476837163,4.0300002098083505,4.0300002098083505,336900
2018-01-08,4.0,4.0300002098083505,3.7999999523162837,3.829999923706055,3.829999923706055,351400
2018-01-09,3.7999999523162837,3.9500000476837163,3.7000000476837163,3.7000000476837163,3.7000000476837163,346500
2018-01-10,3.650000095367432,3.900000095367432,3.4800000190734863,3.7300000190734863,3.7300000190734863,871000
2018-01-11,3.740000009536743,3.7999999523162837,3.509999990463257,3.509999990463257,3.509999990463257,301000
2018-01-12,3.630000114440918,3.630000114440918,3.309999942779541,3.3399999141693115,3.3399999141693115,398400
2018-01-16,3.2699999809265137,3.390000104904175,3.0,3.009999990463257,3.009999990463257,517900
2018-01-17,2.9200000762939453,3.5,2.8299999237060547,3.1600000858306885,3.1600000858306885,1752700
2018-01-18,3.109999895095825,3.3499999046325684,3.059999942779541,3.150000095367432,3.150000095367432,473400
2018-01-19,3.0999999046325684,3.369999885559082,3.0999999046325684,3.240000009536743,3.240000009536743,399700
2018-01-22,3.3399999141693115,3.880000114440918,3.140000104904175,3.190000057220459,3.190000057220459,2353100
2018-01-23,3.190000057220459,3.2799999713897705,2.9600000381469727,3.109999895095825,3.109999895095825,570900
2018-01-24,3.0899999141693115,3.0899999141693115,2.9200000762939453,2.9800000190734863,2.9800000190734863,386600
2018-01-25,3.0,3.0999999046325684,2.9200000762939453,2.9600000381469727,2.9600000381469727,281100
2018-01-26,2.9800000190734863,3.009999990463257,2.8499999046325684,2.869999885559082,2.869999885559082,236700
2018-01-29,2.9500000476837163,2.9500000476837163,2.5999999046325684,2.8299999237060547,2.8299999237060547,609900
2018-01-30,2.7699999809265137,3.1600000858306885,2.650000095367432,2.8199999332427983,2.8199999332427983,915000
2018-01-31,2.890000104904175,3.0899999141693115,2.799999952316284,2.9800000190734863,2.9800000190734863,861700
2018-02-01,3.240000009536743,3.690000057220459,2.809999942779541,2.900000095367432,2.900000095367432,2642900
2018-02-02,2.8499999046325684,2.9100000858306885,2.5999999046325684,2.7100000381469727,2.7100000381469727,567000
2018-02-05,2.759999990463257,2.859999895095825,2.559999942779541,2.5899999141693115,2.5899999141693115,680500
2018-02-06,2.5,2.650000095367432,2.299999952316284,2.5299999713897705,2.5299999713897705,615200
2018-02-07,2.5699999332427983,2.75,2.5,2.630000114440918,2.630000114440918,998200
2018-02-08,2.75,2.75,2.390000104904175,2.490000009536743,2.490000009536743,587000
2018-02-09,2.400000095367432,2.5,2.1700000762939453,2.3499999046325684,2.3499999046325684,638000
2018-02-12,2.3199999332427983,2.5999999046325684,2.3199999332427983,2.509999990463257,2.509999990463257,607400
2018-02-13,2.5799999237060547,2.630000114440918,2.400000095367432,2.559999942779541,2.559999942779541,536500
2018-02-14,2.509999990463257,2.8199999332427983,2.470000028610229,2.799999952316284,2.799999952316284,1051600
2018-02-15,2.9100000858306885,2.9800000190734863,2.7699999809265137,2.940000057220459,2.940000057220459,1175300
2018-02-16,2.869999885559082,3.490000009536743,2.619999885559082,2.7799999713897705,2.7799999713897705,3139100
2018-02-20,2.799999952316284,2.900000095367432,2.3499999046325684,2.4100000858306885,2.4100000858306885,1305600
2018-02-21,2.299999952316284,2.440000057220459,2.1099998950958248,2.1300001144409184,2.1300001144409184,949100
2018-02-22,2.200000047683716,2.220000028610229,2.0,2.0,2.0,852400
2018-02-23,2.009999990463257,2.0999999046325684,1.950000047683716,1.9700000286102293,1.9700000286102293,511800
2018-02-26,1.950000047683716,2.150000095367432,1.830000042915344,2.0899999141693115,2.0899999141693115,1255500
2018-02-27,2.0899999141693115,2.25,2.0199999809265137,2.0299999713897705,2.0299999713897705,481000
2018-02-28,2.009999990463257,2.0299999713897705,1.8899999856948853,1.8999999761581419,1.8999999761581419,349900
2018-03-01,2.039999961853028,2.0999999046325684,1.8999999761581419,1.940000057220459,1.940000057220459,512100
2018-03-02,1.950000047683716,1.9700000286102293,1.8600000143051147,1.870000004768372,1.870000004768372,296700
2018-03-05,1.8600000143051147,1.919999957084656,1.7400000095367432,1.7899999618530271,1.7899999618530271,578200
2018-03-06,1.830000042915344,1.830000042915344,1.7100000381469729,1.7300000190734863,1.7300000190734863,473100
2018-03-07,1.7300000190734863,1.8200000524520876,1.6799999475479126,1.75,1.75,175300
2018-03-08,1.7100000381469729,1.8400000333786009,1.7100000381469729,1.7999999523162842,1.7999999523162842,179800
2018-03-09,1.8200000524520876,1.950000047683716,1.7200000286102295,1.8200000524520876,1.8200000524520876,903700
2018-03-12,1.8600000143051147,2.1300001144409184,1.8600000143051147,2.049999952316284,2.049999952316284,1310000
2018-03-13,2.0299999713897705,2.1300001144409184,1.8899999856948853,1.9700000286102293,1.9700000286102293,604200
2018-03-14,1.919999957084656,1.9700000286102293,1.8400000333786009,1.9099999666213991,1.9099999666213991,452400
2018-03-15,1.8999999761581419,2.0699999332427983,1.8600000143051147,1.8799999952316284,1.8799999952316284,573800
2018-03-16,1.9099999666213991,2.0299999713897705,1.8799999952316284,2.0,2.0,435000
2018-03-19,2.0,2.009999990463257,1.8899999856948853,2.009999990463257,2.009999990463257,193400
2018-03-20,2.0,2.0,1.8600000143051147,1.870000004768372,1.870000004768372,174500
2018-03-21,1.8999999761581419,1.940000057220459,1.8600000143051147,1.870000004768372,1.870000004768372,266200
2018-03-22,1.8500000238418581,1.8899999856948853,1.7699999809265137,1.7699999809265137,1.7699999809265137,284100
2018-03-23,1.8500000238418581,1.8899999856948853,1.6399999856948853,1.7300000190734863,1.7300000190734863,443900
2018-03-26,1.75,1.8500000238418581,1.5,1.6699999570846558,1.6699999570846558,316800
2018-03-27,1.6699999570846558,1.7899999618530271,1.5900000333786009,1.6100000143051147,1.6100000143051147,435700
2018-03-28,1.5299999713897705,1.6599999666213991,1.5099999904632568,1.5299999713897705,1.5299999713897705,245300
2018-03-29,1.5399999618530271,1.5800000429153442,1.5,1.5,1.5,240200
2018-04-02,1.5199999809265137,1.5499999523162842,1.3200000524520874,1.3400000333786009,1.3400000333786009,335500
2018-04-03,1.350000023841858,1.4700000286102295,1.350000023841858,1.3700000047683716,1.3700000047683716,160500
2018-04-04,1.3600000143051147,1.4500000476837158,1.309999942779541,1.4199999570846558,1.4199999570846558,212900
2018-04-05,1.4199999570846558,1.5,1.350000023841858,1.4500000476837158,1.4500000476837158,141600
2018-04-06,1.399999976158142,1.4500000476837158,1.3700000047683716,1.399999976158142,1.399999976158142,90400
2018-04-09,1.4299999475479126,1.4500000476837158,1.399999976158142,1.399999976158142,1.399999976158142,44900
2018-04-10,1.4500000476837158,1.4500000476837158,1.399999976158142,1.440000057220459,1.440000057220459,127300
2018-04-11,1.440000057220459,1.6799999475479126,1.4199999570846558,1.5700000524520874,1.5700000524520874,688300
2018-04-12,1.5499999523162842,1.6799999475479126,1.5499999523162842,1.6100000143051147,1.6100000143051147,206500
2018-04-13,1.6399999856948853,1.6599999666213991,1.5199999809265137,1.5700000524520874,1.5700000524520874,79900
2018-04-16,1.5,1.5499999523162842,1.4600000381469729,1.5399999618530271,1.5399999618530271,104700
2018-04-17,1.5499999523162842,1.6200000047683716,1.350000023841858,1.4600000381469729,1.4600000381469729,162200
2018-04-18,1.4500000476837158,1.5299999713897705,1.4099999666213991,1.5199999809265137,1.5199999809265137,65300
2018-04-19,1.4800000190734863,1.5499999523162842,1.4800000190734863,1.4800000190734863,1.4800000190734863,66000
2018-04-20,1.4800000190734863,1.5199999809265137,1.4500000476837158,1.4700000286102295,1.4700000286102295,65800
2018-04-23,1.4700000286102295,1.5199999809265137,1.4500000476837158,1.5099999904632568,1.5099999904632568,78000
2018-04-24,1.5,1.5199999809265137,1.4700000286102295,1.5,1.5,67800
2018-04-25,1.4600000381469729,1.5399999618530271,1.4600000381469729,1.4700000286102295,1.4700000286102295,72300
2018-04-26,1.4700000286102295,1.5399999618530271,1.4600000381469729,1.4900000095367432,1.4900000095367432,39100
2018-04-27,1.5,1.5399999618530271,1.4800000190734863,1.4800000190734863,1.4800000190734863,50500
2018-04-30,1.5,1.5499999523162842,1.4500000476837158,1.4800000190734863,1.4800000190734863,75800
2018-05-01,1.4700000286102295,1.5099999904632568,1.440000057220459,1.440000057220459,1.440000057220459,79100
2018-05-02,1.5,1.5199999809265137,1.440000057220459,1.4900000095367432,1.4900000095367432,110700
2018-05-03,1.4800000190734863,1.5499999523162842,1.4800000190734863,1.5199999809265137,1.5199999809265137,96400
2018-05-04,1.5199999809265137,1.5199999809265137,1.399999976158142,1.5099999904632568,1.5099999904632568,162800
2018-05-07,1.4900000095367432,1.7000000476837158,1.4500000476837158,1.5299999713897705,1.5299999713897705,428800
2018-05-08,1.5399999618530271,1.6499999761581419,1.5199999809265137,1.6399999856948853,1.6399999856948853,248500
2018-05-09,2.7100000381469727,3.240000009536743,2.0,2.049999952316284,2.049999952316284,37529000
2018-05-10,1.8999999761581419,1.9700000286102293,1.6499999761581419,1.6499999761581419,1.6499999761581419,3844500
2018-05-11,1.6799999475479126,1.7999999523162842,1.6000000238418581,1.6699999570846558,1.6699999570846558,1181100
2018-05-14,1.6699999570846558,1.7400000095367432,1.5299999713897705,1.7200000286102295,1.7200000286102295,871600
2018-05-15,1.690000057220459,1.7400000095367432,1.5700000524520874,1.5700000524520874,1.5700000524520874,738500
2018-05-16,1.6399999856948853,1.6499999761581419,1.5399999618530271,1.5499999523162842,1.5499999523162842,402100
2018-05-17,1.7999999523162842,2.039999961853028,1.6299999952316284,1.6699999570846558,1.6699999570846558,6505600
2018-05-18,1.6699999570846558,1.7100000381469729,1.6100000143051147,1.6299999952316284,1.6299999952316284,615100
2018-05-21,1.6499999761581419,1.7200000286102295,1.6200000047683716,1.6499999761581419,1.6499999761581419,930400
2018-05-22,1.6399999856948853,1.7200000286102295,1.6100000143051147,1.6599999666213991,1.6599999666213991,749000
2018-05-23,1.6299999952316284,1.6699999570846558,1.6000000238418581,1.6100000143051147,1.6100000143051147,494100
2018-05-24,1.6000000238418581,1.6200000047683716,1.5800000429153442,1.5900000333786009,1.5900000333786009,284400
2018-05-25,1.6399999856948853,1.8799999952316284,1.6000000238418581,1.6000000238418581,1.6000000238418581,3481200
2018-05-29,1.5800000429153442,1.6000000238418581,1.4900000095367432,1.5700000524520874,1.5700000524520874,602100
2018-05-30,1.6000000238418581,1.6299999952316284,1.559999942779541,1.559999942779541,1.559999942779541,446900
2018-05-31,1.5700000524520874,1.6000000238418581,1.5099999904632568,1.5299999713897705,1.5299999713897705,379100
2018-06-01,1.5399999618530271,1.559999942779541,1.5,1.5199999809265137,1.5199999809265137,201600
2018-06-04,1.5399999618530271,1.5399999618530271,1.5,1.5199999809265137,1.5199999809265137,212600
2018-06-05,1.5099999904632568,1.5299999713897705,1.5,1.5199999809265137,1.5199999809265137,228700
2018-06-06,1.5,1.6100000143051147,1.5,1.5299999713897705,1.5299999713897705,299700
2018-06-07,1.5399999618530271,1.6499999761581419,1.5199999809265137,1.6000000238418581,1.6000000238418581,934100
2018-06-08,1.5800000429153442,1.6000000238418581,1.5299999713897705,1.5900000333786009,1.5900000333786009,192300
2018-06-11,1.5900000333786009,1.6399999856948853,1.5399999618530271,1.5900000333786009,1.5900000333786009,261500
2018-06-12,1.6100000143051147,1.6299999952316284,1.5700000524520874,1.5700000524520874,1.5700000524520874,214200
2018-06-13,1.5800000429153442,1.5900000333786009,1.5199999809265137,1.559999942779541,1.559999942779541,214500
2018-06-14,1.559999942779541,1.809999942779541,1.5299999713897705,1.6299999952316284,1.6299999952316284,1951200
2018-06-15,1.6599999666213991,1.6799999475479126,1.5800000429153442,1.6100000143051147,1.6100000143051147,605100
2018-06-18,1.6100000143051147,1.7699999809265137,1.6000000238418581,1.7000000476837158,1.7000000476837158,665600
2018-06-19,1.6699999570846558,1.7300000190734863,1.6299999952316284,1.6699999570846558,1.6699999570846558,386800
2018-06-20,1.690000057220459,1.690000057220459,1.6000000238418581,1.6200000047683716,1.6200000047683716,347200
2018-06-21,1.6299999952316284,1.830000042915344,1.5499999523162842,1.7300000190734863,1.7300000190734863,1094200
2018-06-22,1.7300000190734863,2.1600000858306885,1.6799999475479126,1.7999999523162842,1.7999999523162842,3371700
2018-06-25,1.870000004768372,1.8999999761581419,1.6499999761581419,1.6699999570846558,1.6699999570846558,1142700
2018-06-26,1.6699999570846558,1.7400000095367432,1.5900000333786009,1.6100000143051147,1.6100000143051147,535800
2018-06-27,1.6100000143051147,1.6699999570846558,1.5299999713897705,1.5499999523162842,1.5499999523162842,569000
2018-06-28,1.5399999618530271,1.5900000333786009,1.5299999713897705,1.5299999713897705,1.5299999713897705,335200
2018-06-29,1.5700000524520874,1.6100000143051147,1.5299999713897705,1.5800000429153442,1.5800000429153442,311600
2018-07-02,1.5800000429153442,1.5800000429153442,1.5099999904632568,1.559999942779541,1.559999942779541,215600
2018-07-03,1.559999942779541,1.6100000143051147,1.559999942779541,1.5700000524520874,1.5700000524520874,131400
2018-07-05,1.5700000524520874,1.5700000524520874,1.5299999713897705,1.559999942779541,1.559999942779541,181600
2018-07-06,1.5900000333786009,1.6499999761581419,1.5800000429153442,1.6100000143051147,1.6100000143051147,460900
2018-07-09,1.6100000143051147,1.6599999666213991,1.5800000429153442,1.6299999952316284,1.6299999952316284,176300
2018-07-10,1.6599999666213991,1.690000057220459,1.5800000429153442,1.5800000429153442,1.5800000429153442,422600
2018-07-11,1.5800000429153442,1.6100000143051147,1.5700000524520874,1.6000000238418581,1.6000000238418581,105100
2018-07-12,1.6000000238418581,1.6299999952316284,1.5800000429153442,1.6000000238418581,1.6000000238418581,132300
2018-07-13,1.6000000238418581,1.6299999952316284,1.5700000524520874,1.5800000429153442,1.5800000429153442,268900
2018-07-16,1.6000000238418581,1.6000000238418581,1.5499999523162842,1.5499999523162842,1.5499999523162842,140300
2018-07-17,1.5700000524520874,1.6499999761581419,1.5499999523162842,1.5900000333786009,1.5900000333786009,285300
2018-07-18,1.5800000429153442,1.6499999761581419,1.5800000429153442,1.6499999761581419,1.6499999761581419,422900
2018-07-19,1.6000000238418581,1.6699999570846558,1.5800000429153442,1.5800000429153442,1.5800000429153442,325400
2018-07-20,1.5900000333786009,1.6299999952316284,1.5800000429153442,1.6000000238418581,1.6000000238418581,224600
2018-07-23,1.6200000047683716,1.6200000047683716,1.5499999523162842,1.5800000429153442,1.5800000429153442,228600
2018-07-24,1.7200000286102295,1.7999999523162842,1.6000000238418581,1.6499999761581419,1.6499999761581419,1164600
2018-07-25,1.6399999856948853,1.940000057220459,1.6399999856948853,1.7200000286102295,1.7200000286102295,2291800
2018-07-26,1.7400000095367432,1.8200000524520876,1.7100000381469729,1.7799999713897705,1.7799999713897705,791800
2018-07-27,1.75,1.919999957084656,1.5499999523162842,1.559999942779541,1.559999942779541,1519600
2018-07-30,1.559999942779541,1.5900000333786009,1.5299999713897705,1.559999942779541,1.559999942779541,430100
2018-07-31,1.5499999523162842,1.5700000524520874,1.5199999809265137,1.559999942779541,1.559999942779541,333200
2018-08-01,1.5399999618530271,1.559999942779541,1.5199999809265137,1.559999942779541,1.559999942779541,289900
2018-08-02,1.5399999618530271,1.5700000524520874,1.5199999809265137,1.559999942779541,1.559999942779541,383500
2018-08-03,1.5700000524520874,1.5800000429153442,1.5299999713897705,1.559999942779541,1.559999942779541,153100
2018-08-06,1.5099999904632568,1.5700000524520874,1.5099999904632568,1.559999942779541,1.559999942779541,190200
2018-08-07,1.5099999904632568,1.5900000333786009,1.5099999904632568,1.5700000524520874,1.5700000524520874,197900
2018-08-08,1.559999942779541,1.6000000238418581,1.5499999523162842,1.5700000524520874,1.5700000524520874,268600
2018-08-09,1.5700000524520874,1.6100000143051147,1.5199999809265137,1.5199999809265137,1.5199999809265137,378800
2018-08-10,1.5299999713897705,1.5499999523162842,1.5099999904632568,1.5299999713897705,1.5299999713897705,264600
2018-08-13,1.5299999713897705,1.5299999713897705,1.350000023841858,1.399999976158142,1.399999976158142,638100
2018-08-14,1.4199999570846558,1.440000057220459,1.3899999856948853,1.399999976158142,1.399999976158142,122300
2018-08-15,1.3899999856948853,1.4099999666213991,1.2999999523162842,1.3400000333786009,1.3400000333786009,348100
2018-08-16,1.3400000333786009,1.3899999856948853,1.309999942779541,1.3200000524520874,1.3200000524520874,228900
2018-08-17,1.3300000429153442,1.3899999856948853,1.3200000524520874,1.3600000143051147,1.3600000143051147,265800
2018-08-20,1.3600000143051147,1.4199999570846558,1.2999999523162842,1.3799999952316284,1.3799999952316284,286900
2018-08-21,1.3899999856948853,1.4299999475479126,1.3600000143051147,1.4199999570846558,1.4199999570846558,166700
2018-08-22,1.4299999475479126,1.4299999475479126,1.3600000143051147,1.3600000143051147,1.3600000143051147,138200
2018-08-23,1.3799999952316284,1.3799999952316284,1.309999942779541,1.3200000524520874,1.3200000524520874,270400
2018-08-24,1.3400000333786009,1.3600000143051147,1.3200000524520874,1.350000023841858,1.350000023841858,167700
2018-08-27,1.350000023841858,1.3700000047683716,1.3200000524520874,1.3200000524520874,1.3200000524520874,109200
2018-08-28,1.3200000524520874,1.3400000333786009,1.309999942779541,1.3400000333786009,1.3400000333786009,102000
2018-08-29,1.3300000429153442,1.350000023841858,1.3200000524520874,1.3400000333786009,1.3400000333786009,151000
2018-08-30,1.3400000333786009,1.3400000333786009,1.2599999904632568,1.2999999523162842,1.2999999523162842,192300
2018-08-31,1.2999999523162842,1.2999999523162842,1.2300000190734863,1.2400000095367432,1.2400000095367432,366300
2018-09-04,1.25,1.2699999809265137,1.1200000047683716,1.1399999856948853,1.1399999856948853,533300
2018-09-05,1.1399999856948853,1.1399999856948853,1.0299999713897705,1.100000023841858,1.100000023841858,466200
2018-09-06,1.100000023841858,1.1299999952316284,1.0700000524520874,1.0700000524520874,1.0700000524520874,131000
2018-09-07,1.0700000524520874,1.0800000429153442,1.0099999904632568,1.0399999618530271,1.0399999618530271,240400
2018-09-10,1.0499999523162842,1.149999976158142,1.0499999523162842,1.100000023841858,1.100000023841858,213200
2018-09-11,1.0800000429153442,1.1399999856948853,1.0099999904632568,1.0700000524520874,1.0700000524520874,141200
2018-09-12,1.0599999427795408,1.100000023841858,1.0299999713897705,1.0800000429153442,1.0800000429153442,156900
2018-09-13,1.0800000429153442,1.1100000143051147,1.0599999427795408,1.0900000333786009,1.0900000333786009,85700
2018-09-14,1.100000023841858,1.1399999856948853,1.0700000524520874,1.1200000047683716,1.1200000047683716,133400
2018-09-17,1.100000023841858,1.1200000047683716,1.0399999618530271,1.0900000333786009,1.0900000333786009,200600
2018-09-18,1.0900000333786009,1.1200000047683716,1.0900000333786009,1.1200000047683716,1.1200000047683716,90500
2018-09-19,1.1200000047683716,1.25,1.0900000333786009,1.2400000095367432,1.2400000095367432,739800
2018-09-20,1.2200000286102295,1.3200000524520874,1.1100000143051147,1.1399999856948853,1.1399999856948853,852700
2018-09-21,1.1699999570846558,1.2300000190734863,1.1200000047683716,1.2000000476837158,1.2000000476837158,649100
2018-09-24,1.2100000381469729,1.2200000286102295,1.1100000143051147,1.1299999952316284,1.1299999952316284,423700
2018-09-25,1.1200000047683716,1.4099999666213991,1.1100000143051147,1.2999999523162842,1.2999999523162842,2485300
2018-09-26,1.25,1.350000023841858,1.1599999666213991,1.1799999475479126,1.1799999475479126,1231600
2018-09-27,1.2300000190734863,1.2599999904632568,1.2000000476837158,1.2400000095367432,1.2400000095367432,465200
2018-09-28,1.2400000095367432,1.309999942779541,1.2200000286102295,1.2699999809265137,1.2699999809265137,548300
2018-10-01,1.2699999809265137,1.3400000333786009,1.25,1.2999999523162842,1.2999999523162842,293900
2018-10-02,1.2999999523162842,1.2999999523162842,1.1200000047683716,1.1799999475479126,1.1799999475479126,496500
2018-10-03,1.2000000476837158,1.2599999904632568,1.2000000476837158,1.2400000095367432,1.2400000095367432,216200
2018-10-04,1.2400000095367432,1.2999999523162842,1.2000000476837158,1.2200000286102295,1.2200000286102295,543600
2018-10-05,1.2300000190734863,1.2699999809265137,1.1799999475479126,1.2200000286102295,1.2200000286102295,257100
2018-10-08,1.2200000286102295,1.2200000286102295,1.149999976158142,1.1599999666213991,1.1599999666213991,132400
2018-10-09,1.1599999666213991,1.2300000190734863,1.1200000047683716,1.2100000381469729,1.2100000381469729,324700
2018-10-10,1.2000000476837158,1.2000000476837158,1.1100000143051147,1.1299999952316284,1.1299999952316284,248300
2018-10-11,1.1200000047683716,1.149999976158142,1.0700000524520874,1.0800000429153442,1.0800000429153442,374900
2018-10-12,1.1100000143051147,1.149999976158142,1.100000023841858,1.149999976158142,1.149999976158142,231900
2018-10-15,1.1599999666213991,1.3600000143051147,1.1299999952316284,1.2899999618530271,1.2899999618530271,1199000
2018-10-16,1.2400000095367432,1.3300000429153442,1.2000000476837158,1.2200000286102295,1.2200000286102295,499900
2018-10-17,1.2300000190734863,1.2899999618530271,1.1599999666213991,1.2699999809265137,1.2699999809265137,231600
2018-10-18,1.2599999904632568,1.3700000047683716,1.2400000095367432,1.3300000429153442,1.3300000429153442,1075500
2018-10-19,1.3600000143051147,1.6499999761581419,1.3300000429153442,1.3799999952316284,1.3799999952316284,2731000
2018-10-22,1.5700000524520874,2.1300001144409184,1.5199999809265137,1.5700000524520874,1.5700000524520874,14151000
2018-10-23,1.5099999904632568,1.6699999570846558,1.3700000047683716,1.5199999809265137,1.5199999809265137,2466400
2018-10-24,1.5099999904632568,1.8200000524520876,1.5,1.5399999618530271,1.5399999618530271,3282600
2018-10-25,1.5499999523162842,1.690000057220459,1.5099999904632568,1.5800000429153442,1.5800000429153442,1299200
2018-10-26,1.6399999856948853,1.8400000333786009,1.5499999523162842,1.7599999904632568,1.7599999904632568,4407400
2018-10-29,2.0,2.4800000190734863,1.8999999761581419,2.049999952316284,2.049999952316284,14299600
2018-10-30,2.039999961853028,2.25,1.9299999475479128,2.039999961853028,2.039999961853028,4420200
2018-10-31,2.009999990463257,2.289999961853028,1.940000057220459,2.1600000858306885,2.1600000858306885,4175000
2018-11-01,2.220000028610229,2.380000114440918,2.1099998950958248,2.190000057220459,2.190000057220459,4439100
2018-11-02,2.1800000667572017,2.1800000667572017,1.7699999809265137,2.0999999046325684,2.0999999046325684,2988600
2018-11-05,1.950000047683716,1.9700000286102293,1.6499999761581419,1.6699999570846558,1.6699999570846558,3138000
2018-11-06,1.75,1.7799999713897705,1.5800000429153442,1.7599999904632568,1.7599999904632568,2186900
2018-11-07,1.6599999666213991,1.7200000286102295,1.559999942779541,1.6200000047683716,1.6200000047683716,1331800
2018-11-08,1.5399999618530271,1.5399999618530271,1.399999976158142,1.4099999666213991,1.4099999666213991,2122900
2018-11-09,1.4099999666213991,1.7000000476837158,1.4099999666213991,1.6699999570846558,1.6699999570846558,2869900
2018-11-12,1.6100000143051147,1.6200000047683716,1.4299999475479126,1.4700000286102295,1.4700000286102295,1946800
2018-11-13,1.559999942779541,1.6799999475479126,1.5,1.6000000238418581,1.6000000238418581,2134500
2018-11-14,1.5700000524520874,1.5700000524520874,1.350000023841858,1.4299999475479126,1.4299999475479126,1797600
2018-11-15,1.399999976158142,1.4500000476837158,1.350000023841858,1.4299999475479126,1.4299999475479126,828400
2018-11-16,1.3700000047683716,1.4500000476837158,1.3600000143051147,1.3799999952316284,1.3799999952316284,648200
2018-11-19,1.399999976158142,1.440000057220459,1.3799999952316284,1.4099999666213991,1.4099999666213991,580800
2018-11-20,1.4099999666213991,1.4099999666213991,1.2699999809265137,1.3300000429153442,1.3300000429153442,1185600
2018-11-21,1.350000023841858,1.4099999666213991,1.2799999713897705,1.3300000429153442,1.3300000429153442,1183200
2018-11-23,1.1100000143051147,1.1699999570846558,1.0599999427795408,1.0700000524520874,1.0700000524520874,2712700
2018-11-26,1.0700000524520874,1.0700000524520874,0.9100000262260436,0.9900000095367432,0.9900000095367432,2201400
2018-11-27,0.959999978542328,0.9900000095367432,0.9100000262260436,0.9800000190734864,0.9800000190734864,786500
2018-11-28,0.9800000190734864,0.9800000190734864,0.9499999880790709,0.959999978542328,0.959999978542328,558400
2018-11-29,0.9499999880790709,0.9700000286102296,0.9399999976158142,0.9399999976158142,0.9399999976158142,338700
2018-11-30,0.9399999976158142,0.9399999976158142,0.8799999952316284,0.8899999856948853,0.8899999856948853,704900
2018-12-03,0.8999999761581421,0.9200000166893004,0.8000000119209291,0.8600000143051147,0.8600000143051147,928900
2018-12-04,0.8500000238418579,0.8500000238418579,0.7300000190734863,0.7900000214576721,0.7900000214576721,557400
2018-12-06,0.7699999809265137,0.8000000119209291,0.75,0.7799999713897705,0.7799999713897705,376400
2018-12-07,0.7699999809265137,0.8500000238418579,0.699999988079071,0.7900000214576721,0.7900000214576721,643900
2018-12-10,0.7699999809265137,0.7900000214576721,0.7400000095367432,0.75,0.75,350300
2018-12-11,0.75,0.8399999737739563,0.75,0.7699999809265137,0.7699999809265137,547500
2018-12-12,0.7799999713897705,0.8199999928474426,0.7699999809265137,0.8000000119209291,0.8000000119209291,310900
2018-12-13,0.7900000214576721,0.8000000119209291,0.75,0.75,0.75,237200
2018-12-14,0.7599999904632568,0.7799999713897705,0.7099999785423279,0.7099999785423279,0.7099999785423279,504300
2018-12-17,0.699999988079071,0.7400000095367432,0.6299999952316284,0.6499999761581421,0.6499999761581421,470600
2018-12-18,0.6700000166893005,0.75,0.6600000262260437,0.699999988079071,0.699999988079071,213300
2018-12-19,0.7099999785423279,0.7300000190734863,0.6700000166893005,0.6800000071525574,0.6800000071525574,172300
2018-12-20,0.6899999976158142,0.699999988079071,0.5799999833106995,0.6100000143051147,0.6100000143051147,508900
2018-12-21,0.6100000143051147,0.6600000262260437,0.5799999833106995,0.5899999737739563,0.5899999737739563,245400
2018-12-24,0.6000000238418579,0.6000000238418579,0.5600000023841858,0.5699999928474426,0.5699999928474426,260800
2018-12-26,0.5600000023841858,0.7200000286102295,0.5600000023841858,0.6899999976158142,0.6899999976158142,379100
2018-12-27,0.699999988079071,0.7099999785423279,0.6399999856948853,0.6600000262260437,0.6600000262260437,328500
2018-12-28,0.6800000071525574,0.6899999976158142,0.6000000238418579,0.6499999761581421,0.6499999761581421,302300
2018-12-31,0.6600000262260437,0.6800000071525574,0.6200000047683716,0.6499999761581421,0.6499999761581421,290300
2019-01-02,0.6100000143051147,0.75,0.6100000143051147,0.7400000095367432,0.7400000095367432,390300
2019-01-03,0.7400000095367432,0.7799999713897705,0.7099999785423279,0.7300000190734863,0.7300000190734863,203100
2019-01-04,0.7300000190734863,0.7699999809265137,0.699999988079071,0.7400000095367432,0.7400000095367432,280100
2019-01-07,0.7099999785423279,0.8500000238418579,0.7099999785423279,0.8000000119209291,0.8000000119209291,545800
2019-01-08,0.9100000262260436,0.9399999976158142,0.7900000214576721,0.8000000119209291,0.8000000119209291,1448100
2019-01-09,0.8000000119209291,0.8000000119209291,0.75,0.8000000119209291,0.8000000119209291,2076400
2019-01-10,1.2799999713897705,1.2999999523162842,1.0,1.100000023841858,1.100000023841858,11486000
2019-01-11,1.0700000524520874,1.0800000429153442,1.0099999904632568,1.0199999809265137,1.0199999809265137,1342400
2019-01-14,1.0,1.0099999904632568,0.8799999952316284,0.8899999856948853,0.8899999856948853,1748600
2019-01-15,0.8999999761581421,0.8999999761581421,0.7799999713897705,0.8700000047683716,0.8700000047683716,1149800
2019-01-16,0.8299999833106995,0.9200000166893004,0.8100000023841858,0.8899999856948853,0.8899999856948853,727500
2019-01-17,0.8700000047683716,0.9900000095367432,0.8700000047683716,0.9100000262260436,0.9100000262260436,823100
2019-01-18,0.9399999976158142,0.9499999880790709,0.8799999952316284,0.9100000262260436,0.9100000262260436,335500
2019-01-22,0.8899999856948853,0.8999999761581421,0.8500000238418579,0.8700000047683716,0.8700000047683716,464200
2019-01-23,0.8600000143051147,0.8700000047683716,0.8100000023841858,0.8399999737739563,0.8399999737739563,696900
2019-01-24,0.8399999737739563,0.8600000143051147,0.8399999737739563,0.8500000238418579,0.8500000238418579,245500
2019-01-25,0.8399999737739563,0.8799999952316284,0.8399999737739563,0.8399999737739563,0.8399999737739563,252500
2019-01-28,0.8799999952316284,0.8799999952316284,0.8299999833106995,0.8399999737739563,0.8399999737739563,275300
2019-01-29,0.8399999737739563,0.8600000143051147,0.8199999928474426,0.8199999928474426,0.8199999928474426,280400
2019-01-30,0.8100000023841858,0.8500000238418579,0.7900000214576721,0.8000000119209291,0.8000000119209291,300300
2019-01-31,0.7900000214576721,0.8100000023841858,0.75,0.7599999904632568,0.7599999904632568,649700
2019-02-01,0.7799999713897705,0.8199999928474426,0.7599999904632568,0.8199999928474426,0.8199999928474426,300600
2019-02-04,0.8000000119209291,0.8500000238418579,0.7900000214576721,0.7900000214576721,0.7900000214576721,274300
2019-02-05,0.8000000119209291,0.8100000023841858,0.7900000214576721,0.8000000119209291,0.8000000119209291,186100
2019-02-06,0.8100000023841858,0.8399999737739563,0.7900000214576721,0.8299999833106995,0.8299999833106995,300700
2019-02-07,0.8299999833106995,0.8399999737739563,0.7900000214576721,0.8199999928474426,0.8199999928474426,225400
2019-02-08,0.8000000119209291,0.8199999928474426,0.7599999904632568,0.7900000214576721,0.7900000214576721,275800
2019-02-11,0.7799999713897705,0.8299999833106995,0.7599999904632568,0.8100000023841858,0.8100000023841858,190700
2019-02-12,0.8199999928474426,0.8700000047683716,0.8100000023841858,0.8299999833106995,0.8299999833106995,386300
2019-02-13,0.8299999833106995,0.8799999952316284,0.8199999928474426,0.8500000238418579,0.8500000238418579,305900
2019-02-14,0.8299999833106995,0.8899999856948853,0.8299999833106995,0.8600000143051147,0.8600000143051147,309100
2019-02-15,0.8999999761581421,0.8999999761581421,0.8399999737739563,0.8700000047683716,0.8700000047683716,509100
2019-02-19,0.8899999856948853,0.8899999856948853,0.8399999737739563,0.8500000238418579,0.8500000238418579,415200
2019-02-20,0.8399999737739563,0.8700000047683716,0.8299999833106995,0.8399999737739563,0.8399999737739563,264400
2019-02-21,0.8299999833106995,0.8500000238418579,0.8199999928474426,0.8500000238418579,0.8500000238418579,266300
2019-02-22,0.8299999833106995,0.8799999952316284,0.8299999833106995,0.8700000047683716,0.8700000047683716,517900
2019-02-25,0.8799999952316284,0.8799999952316284,0.8000000119209291,0.8000000119209291,0.8000000119209291,924900
2019-02-26,0.8000000119209291,0.8299999833106995,0.7599999904632568,0.7799999713897705,0.7799999713897705,443100
2019-02-27,0.7900000214576721,0.8000000119209291,0.7599999904632568,0.7799999713897705,0.7799999713897705,221900
2019-02-28,0.7599999904632568,0.8000000119209291,0.7599999904632568,0.7799999713897705,0.7799999713897705,130400
2019-03-01,0.8000000119209291,0.8000000119209291,0.7699999809265137,0.8000000119209291,0.8000000119209291,193200
2019-03-04,0.8000000119209291,0.8100000023841858,0.7799999713897705,0.8000000119209291,0.8000000119209291,159500
2019-03-05,0.7900000214576721,0.8199999928474426,0.7799999713897705,0.8100000023841858,0.8100000023841858,419900
2019-03-06,0.7900000214576721,0.8500000238418579,0.7900000214576721,0.8299999833106995,0.8299999833106995,358000
2019-03-07,0.8399999737739563,0.9200000166893004,0.8100000023841858,0.8600000143051147,0.8600000143051147,418800
2019-03-08,0.8500000238418579,0.9200000166893004,0.8100000023841858,0.8799999952316284,0.8799999952316284,1784500
2019-03-11,0.9800000190734864,0.9800000190734864,0.8700000047683716,0.8999999761581421,0.8999999761581421,2649800
2019-03-12,0.9100000262260436,0.9800000190734864,0.9100000262260436,0.9700000286102296,0.9700000286102296,2212700
2019-03-13,0.9499999880790709,0.9800000190734864,0.8999999761581421,0.9200000166893004,0.9200000166893004,1090300
2019-03-14,0.9399999976158142,0.9399999976158142,0.8600000143051147,0.8999999761581421,0.8999999761581421,413800
2019-03-15,0.8700000047683716,1.0,0.8700000047683716,0.959999978542328,0.959999978542328,1037500
2019-03-18,0.8899999856948853,0.9499999880790709,0.8799999952316284,0.8999999761581421,0.8999999761581421,424700
2019-03-19,0.8999999761581421,0.9399999976158142,0.8899999856948853,0.9200000166893004,0.9200000166893004,527600
2019-03-20,0.8999999761581421,0.9300000071525574,0.8999999761581421,0.9200000166893004,0.9200000166893004,416900
2019-03-21,0.9100000262260436,1.25,0.9100000262260436,1.1799999475479126,1.1799999475479126,4003300
2019-03-22,1.2599999904632568,1.2799999713897705,1.100000023841858,1.2100000381469729,1.2100000381469729,3374100
2019-03-25,1.190000057220459,1.3899999856948853,1.1399999856948853,1.2599999904632568,1.2599999904632568,2102500
2019-03-26,1.2899999618530271,1.3300000429153442,1.0599999427795408,1.0900000333786009,1.0900000333786009,2717600
2019-03-27,1.1200000047683716,1.1699999570846558,1.0700000524520874,1.1299999952316284,1.1299999952316284,1486600
2019-03-28,1.1299999952316284,1.1699999570846558,1.0399999618530271,1.1399999856948853,1.1399999856948853,980100
2019-03-29,1.1399999856948853,1.2300000190734863,1.1200000047683716,1.190000057220459,1.190000057220459,1122000
2019-04-01,1.1699999570846558,1.1799999475479126,1.1299999952316284,1.149999976158142,1.149999976158142,392700
2019-04-02,1.1399999856948853,1.2000000476837158,1.1399999856948853,1.1599999666213991,1.1599999666213991,491700
2019-04-03,1.1599999666213991,1.190000057220459,1.1299999952316284,1.149999976158142,1.149999976158142,469000
2019-04-04,1.1399999856948853,1.1799999475479126,1.1100000143051147,1.1799999475479126,1.1799999475479126,442300
2019-04-05,1.1599999666213991,1.2100000381469729,1.1599999666213991,1.1699999570846558,1.1699999570846558,379800
2019-04-08,1.1599999666213991,1.190000057220459,1.149999976158142,1.190000057220459,1.190000057220459,212200
2019-04-09,1.1699999570846558,1.2599999904632568,1.1599999666213991,1.25,1.25,979100
2019-04-10,1.2300000190734863,1.2300000190734863,1.1799999475479126,1.2100000381469729,1.2100000381469729,689200
2019-04-11,1.2100000381469729,1.2400000095367432,1.1399999856948853,1.1799999475479126,1.1799999475479126,527300
2019-04-12,1.1799999475479126,1.2100000381469729,1.1399999856948853,1.2000000476837158,1.2000000476837158,321400
2019-04-15,1.1799999475479126,1.2100000381469729,1.1599999666213991,1.1799999475479126,1.1799999475479126,121500
2019-04-16,1.1799999475479126,1.2000000476837158,1.100000023841858,1.1200000047683716,1.1200000047683716,362800
2019-04-17,1.1200000047683716,1.1399999856948853,1.100000023841858,1.1299999952316284,1.1299999952316284,284600
2019-04-18,1.1200000047683716,1.1399999856948853,1.0399999618530271,1.1100000143051147,1.1100000143051147,522300
2019-04-22,1.0900000333786009,1.1200000047683716,1.0599999427795408,1.0700000524520874,1.0700000524520874,216000
2019-04-23,1.0599999427795408,1.1599999666213991,1.0499999523162842,1.1599999666213991,1.1599999666213991,598300
2019-04-24,1.1399999856948853,1.190000057220459,1.1399999856948853,1.149999976158142,1.149999976158142,191600
2019-04-25,1.1399999856948853,1.149999976158142,1.100000023841858,1.1200000047683716,1.1200000047683716,158500
2019-04-26,1.1100000143051147,1.1299999952316284,1.0800000429153442,1.100000023841858,1.100000023841858,153100
2019-04-29,1.0900000333786009,1.2000000476837158,1.0900000333786009,1.2000000476837158,1.2000000476837158,549700
2019-04-30,1.190000057220459,1.2000000476837158,1.149999976158142,1.1599999666213991,1.1599999666213991,151800
2019-05-01,1.149999976158142,1.1799999475479126,1.1200000047683716,1.1299999952316284,1.1299999952316284,213900
2019-05-02,1.1299999952316284,1.1599999666213991,1.1100000143051147,1.1399999856948853,1.1399999856948853,176400
2019-05-03,1.1399999856948853,1.1699999570846558,1.1200000047683716,1.1699999570846558,1.1699999570846558,111200
2019-05-06,1.1200000047683716,1.1699999570846558,1.1200000047683716,1.149999976158142,1.149999976158142,213700
2019-05-07,1.149999976158142,1.1699999570846558,1.0800000429153442,1.1399999856948853,1.1399999856948853,188600
2019-05-08,1.1299999952316284,1.190000057220459,1.1200000047683716,1.1799999475479126,1.1799999475479126,540000
2019-05-09,1.1599999666213991,1.1699999570846558,1.100000023841858,1.1399999856948853,1.1399999856948853,348100
2019-05-10,1.1200000047683716,1.1399999856948853,1.0700000524520874,1.1399999856948853,1.1399999856948853,456900
2019-05-13,1.100000023841858,1.1299999952316284,1.0800000429153442,1.1200000047683716,1.1200000047683716,209500
2019-05-14,1.1100000143051147,1.1299999952316284,1.0900000333786009,1.0900000333786009,1.0900000333786009,151600
2019-05-15,1.0900000333786009,1.1200000047683716,1.0800000429153442,1.1100000143051147,1.1100000143051147,326700
2019-05-16,1.100000023841858,1.1799999475479126,1.100000023841858,1.1399999856948853,1.1399999856948853,384200
2019-05-17,1.1299999952316284,1.149999976158142,1.100000023841858,1.1100000143051147,1.1100000143051147,302600
2019-05-20,1.1200000047683716,1.1200000047683716,1.0800000429153442,1.1100000143051147,1.1100000143051147,301300
2019-05-21,1.1100000143051147,1.1200000047683716,1.100000023841858,1.100000023841858,1.100000023841858,242400
2019-05-22,1.100000023841858,1.1100000143051147,1.0700000524520874,1.0700000524520874,1.0700000524520874,181000
2019-05-23,1.0499999523162842,1.0800000429153442,1.0,1.0399999618530271,1.0399999618530271,362600
2019-05-24,1.0499999523162842,1.0900000333786009,1.0399999618530271,1.0700000524520874,1.0700000524520874,205900
2019-05-28,1.0399999618530271,1.0900000333786009,1.0399999618530271,1.0399999618530271,1.0399999618530271,197900
2019-05-29,1.0399999618530271,1.0499999523162842,1.0099999904632568,1.0399999618530271,1.0399999618530271,256900
2019-05-30,1.0299999713897705,1.0700000524520874,1.0199999809265137,1.0499999523162842,1.0499999523162842,124000
2019-05-31,1.0399999618530271,1.0499999523162842,0.9700000286102296,1.0199999809265137,1.0199999809265137,427100
2019-06-03,1.0099999904632568,1.0499999523162842,0.9900000095367432,1.0299999713897705,1.0299999713897705,188500
2019-06-04,1.0399999618530271,1.100000023841858,1.0399999618530271,1.0800000429153442,1.0800000429153442,424500
2019-06-05,1.100000023841858,1.1200000047683716,1.0700000524520874,1.100000023841858,1.100000023841858,279000
2019-06-06,1.0900000333786009,1.100000023841858,1.0700000524520874,1.0700000524520874,1.0700000524520874,336500
2019-06-07,1.0700000524520874,1.1100000143051147,1.0199999809265137,1.0499999523162842,1.0499999523162842,451600
2019-06-10,1.0499999523162842,1.0599999427795408,1.0099999904632568,1.0299999713897705,1.0299999713897705,178600
2019-06-11,1.0599999427795408,1.0800000429153442,0.8600000143051147,0.9100000262260436,0.9100000262260436,998400
2019-06-12,0.8600000143051147,0.8999999761581421,0.8100000023841858,0.8999999761581421,0.8999999761581421,329800
2019-06-13,0.8999999761581421,0.9800000190734864,0.8600000143051147,0.959999978542328,0.959999978542328,174600
2019-06-14,0.9399999976158142,0.9800000190734864,0.9100000262260436,0.959999978542328,0.959999978542328,93100
2019-06-17,0.9499999880790709,0.9800000190734864,0.8999999761581421,0.9700000286102296,0.9700000286102296,92000
2019-06-18,0.9499999880790709,0.9700000286102296,0.9100000262260436,0.9399999976158142,0.9399999976158142,52700
2019-06-19,0.9200000166893004,0.9499999880790709,0.8999999761581421,0.9499999880790709,0.9499999880790709,99400
2019-06-20,0.9200000166893004,0.959999978542328,0.8999999761581421,0.9399999976158142,0.9399999976158142,122700
2019-06-21,0.9200000166893004,0.9700000286102296,0.8999999761581421,0.9100000262260436,0.9100000262260436,135800
2019-06-24,0.8999999761581421,0.9300000071525574,0.8700000047683716,0.8999999761581421,0.8999999761581421,110600
2019-06-25,0.8799999952316284,0.9300000071525574,0.8700000047683716,0.9300000071525574,0.9300000071525574,146700
2019-06-26,0.9200000166893004,1.0,0.9200000166893004,1.0,1.0,150100
2019-06-27,0.9900000095367432,0.9900000095367432,0.9100000262260436,0.9499999880790709,0.9499999880790709,91400
2019-06-28,0.9300000071525574,1.0,0.9100000262260436,0.9700000286102296,0.9700000286102296,93800
2019-07-01,0.9800000190734864,0.9800000190734864,0.959999978542328,0.9800000190734864,0.9800000190734864,84500
2019-07-02,0.9800000190734864,1.100000023841858,0.9800000190734864,1.0399999618530271,1.0399999618530271,635700
2019-07-03,1.0399999618530271,1.0399999618530271,0.9900000095367432,1.0199999809265137,1.0199999809265137,101900
2019-07-05,1.0499999523162842,1.0599999427795408,1.0,1.0399999618530271,1.0399999618530271,102300
2019-07-08,1.0299999713897705,1.0399999618530271,1.0,1.0299999713897705,1.0299999713897705,103600
2019-07-09,1.0199999809265137,1.1200000047683716,0.9700000286102296,1.0900000333786009,1.0900000333786009,830000
2019-07-10,1.100000023841858,1.100000023841858,0.9900000095367432,1.0199999809265137,1.0199999809265137,426600
2019-07-11,1.0099999904632568,1.0399999618530271,1.0,1.0199999809265137,1.0199999809265137,101700
2019-07-12,1.0199999809265137,1.0499999523162842,1.0,1.0099999904632568,1.0099999904632568,101800
2019-07-15,1.0199999809265137,1.0299999713897705,0.9700000286102296,0.9800000190734864,0.9800000190734864,99200
2019-07-16,0.959999978542328,1.0,0.959999978542328,0.9900000095367432,0.9900000095367432,61100
2019-07-17,0.9900000095367432,1.0199999809265137,0.9800000190734864,0.9900000095367432,0.9900000095367432,96900
2019-07-18,1.0099999904632568,1.0099999904632568,0.9300000071525574,0.9300000071525574,0.9300000071525574,126200
2019-07-19,0.9700000286102296,1.0099999904632568,0.9700000286102296,1.0,1.0,38700
2019-07-22,0.9800000190734864,1.0499999523162842,0.9800000190734864,1.0199999809265137,1.0199999809265137,191600
2019-07-23,1.0199999809265137,1.0299999713897705,0.9700000286102296,1.0199999809265137,1.0199999809265137,233900
2019-07-24,1.0099999904632568,1.0399999618530271,0.9900000095367432,1.0099999904632568,1.0099999904632568,195100
2019-07-25,1.0099999904632568,1.0199999809265137,0.9900000095367432,0.9900000095367432,0.9900000095367432,98000
2019-07-26,1.0,1.0199999809265137,1.0,1.0,1.0,131800
2019-07-29,1.0,1.0,0.9499999880790709,0.9499999880790709,0.9499999880790709,171000
2019-07-30,0.9700000286102296,0.9700000286102296,0.8799999952316284,0.8999999761581421,0.8999999761581421,253900
2019-07-31,0.8999999761581421,0.9399999976158142,0.8600000143051147,0.8899999856948853,0.8899999856948853,114400
2019-08-01,0.8899999856948853,0.9200000166893004,0.8199999928474426,0.8700000047683716,0.8700000047683716,297100
2019-08-02,0.8700000047683716,0.9300000071525574,0.8600000143051147,0.8799999952316284,0.8799999952316284,136200
2019-08-05,0.8500000238418579,0.8799999952316284,0.8100000023841858,0.8500000238418579,0.8500000238418579,86100
2019-08-06,0.8500000238418579,0.8500000238418579,0.8199999928474426,0.8299999833106995,0.8299999833106995,112500
2019-08-07,0.8799999952316284,0.8799999952316284,0.8199999928474426,0.8500000238418579,0.8500000238418579,95200
2019-08-08,0.8299999833106995,0.8500000238418579,0.8199999928474426,0.8299999833106995,0.8299999833106995,76400
2019-08-09,0.8299999833106995,0.8500000238418579,0.8100000023841858,0.8500000238418579,0.8500000238418579,68800
2019-08-12,0.8399999737739563,0.8500000238418579,0.8100000023841858,0.8199999928474426,0.8199999928474426,102900
2019-08-13,0.8500000238418579,0.8500000238418579,0.8199999928474426,0.8199999928474426,0.8199999928474426,59500
2019-08-14,0.8299999833106995,0.8399999737739563,0.8000000119209291,0.8000000119209291,0.8000000119209291,77400
2019-08-15,0.8000000119209291,0.8100000023841858,0.7599999904632568,0.8000000119209291,0.8000000119209291,103200
2019-08-16,0.7799999713897705,0.8399999737739563,0.7799999713897705,0.8199999928474426,0.8199999928474426,129500
2019-08-19,0.8700000047683716,0.9499999880790709,0.8600000143051147,0.8999999761581421,0.8999999761581421,609300
2019-08-20,0.9100000262260436,0.9300000071525574,0.8899999856948853,0.9200000166893004,0.9200000166893004,93300
2019-08-21,0.9300000071525574,0.9300000071525574,0.8899999856948853,0.8999999761581421,0.8999999761581421,95100
2019-08-22,0.8999999761581421,0.9800000190734864,0.8799999952316284,0.9100000262260436,0.9100000262260436,617900
2019-08-23,0.8799999952316284,0.9100000262260436,0.8600000143051147,0.8700000047683716,0.8700000047683716,71100
2019-08-26,0.8799999952316284,0.8799999952316284,0.8500000238418579,0.8799999952316284,0.8799999952316284,97000
2019-08-27,0.8700000047683716,0.9399999976158142,0.8500000238418579,0.8700000047683716,0.8700000047683716,62000
2019-08-28,0.8899999856948853,0.9300000071525574,0.8799999952316284,0.9200000166893004,0.9200000166893004,150000
2019-08-29,0.9399999976158142,0.9399999976158142,0.8999999761581421,0.9200000166893004,0.9200000166893004,115900
2019-08-30,0.9100000262260436,0.9700000286102296,0.8899999856948853,0.9100000262260436,0.9100000262260436,517500
2019-09-03,0.9100000262260436,0.9399999976158142,0.8899999856948853,0.8999999761581421,0.8999999761581421,51500
2019-09-04,0.9300000071525574,0.9700000286102296,0.9100000262260436,0.9300000071525574,0.9300000071525574,163900
2019-09-05,0.9399999976158142,0.959999978542328,0.8999999761581421,0.9200000166893004,0.9200000166893004,57500
2019-09-06,0.9300000071525574,0.9499999880790709,0.9200000166893004,0.9399999976158142,0.9399999976158142,81100
2019-09-09,0.9499999880790709,0.9800000190734864,0.9200000166893004,0.959999978542328,0.959999978542328,318100
2019-09-10,0.959999978542328,0.9800000190734864,0.9300000071525574,0.9800000190734864,0.9800000190734864,130800
2019-09-11,0.959999978542328,0.9800000190734864,0.8999999761581421,0.9300000071525574,0.9300000071525574,307000
2019-09-12,0.9100000262260436,0.9499999880790709,0.9100000262260436,0.9300000071525574,0.9300000071525574,206800
2019-09-13,0.9300000071525574,0.959999978542328,0.9300000071525574,0.959999978542328,0.959999978542328,121500
2019-09-16,0.9499999880790709,0.9700000286102296,0.9100000262260436,0.9399999976158142,0.9399999976158142,128000
2019-09-17,0.9399999976158142,0.9499999880790709,0.8999999761581421,0.8999999761581421,0.8999999761581421,94500
2019-09-18,0.9300000071525574,0.9399999976158142,0.8899999856948853,0.9100000262260436,0.9100000262260436,117800
2019-09-19,0.9200000166893004,0.9399999976158142,0.8899999856948853,0.9200000166893004,0.9200000166893004,45000
2019-09-20,0.9200000166893004,0.9300000071525574,0.8999999761581421,0.9100000262260436,0.9100000262260436,40900
2019-09-23,0.9100000262260436,0.9399999976158142,0.8999999761581421,0.9100000262260436,0.9100000262260436,87900
2019-09-24,0.9100000262260436,0.9399999976158142,0.8999999761581421,0.9399999976158142,0.9399999976158142,158200
2019-09-25,0.9300000071525574,0.9399999976158142,0.9100000262260436,0.9100000262260436,0.9100000262260436,41100
2019-09-26,0.9200000166893004,0.9399999976158142,0.9100000262260436,0.9300000071525574,0.9300000071525574,107200
2019-09-27,0.9700000286102296,1.0499999523162842,0.9100000262260436,0.9300000071525574,0.9300000071525574,853500
2019-09-30,0.9300000071525574,0.959999978542328,0.8999999761581421,0.9200000166893004,0.9200000166893004,259000
2019-10-01,0.9399999976158142,0.9800000190734864,0.9300000071525574,0.9399999976158142,0.9399999976158142,100500
2019-10-02,0.9700000286102296,0.9800000190734864,0.9100000262260436,0.9300000071525574,0.9300000071525574,121300
2019-10-03,0.9200000166893004,0.9700000286102296,0.9100000262260436,0.959999978542328,0.959999978542328,176800
2019-10-04,0.9700000286102296,1.0700000524520874,0.9399999976158142,1.0299999713897705,1.0299999713897705,1551800
2019-10-07,1.0499999523162842,1.0499999523162842,0.9700000286102296,0.9900000095367432,0.9900000095367432,500200
2019-10-08,1.0499999523162842,1.0499999523162842,0.9300000071525574,0.959999978542328,0.959999978542328,301300
2019-10-09,0.959999978542328,1.0199999809265137,0.9399999976158142,0.9800000190734864,0.9800000190734864,808300
2019-10-10,0.9800000190734864,0.9900000095367432,0.9499999880790709,0.959999978542328,0.959999978542328,348300
2019-10-11,0.9399999976158142,1.0,0.9399999976158142,0.9800000190734864,0.9800000190734864,309100
2019-10-14,0.9700000286102296,1.0700000524520874,0.959999978542328,1.0599999427795408,1.0599999427795408,887700
2019-10-15,1.0599999427795408,1.100000023841858,1.0199999809265137,1.0599999427795408,1.0599999427795408,1072300
2019-10-16,1.0599999427795408,1.100000023841858,1.0499999523162842,1.0599999427795408,1.0599999427795408,423000
2019-10-17,1.0900000333786009,1.1100000143051147,1.0499999523162842,1.0700000524520874,1.0700000524520874,502500
2019-10-18,1.0800000429153442,1.0900000333786009,1.0199999809265137,1.0299999713897705,1.0299999713897705,185700
2019-10-21,1.0299999713897705,1.0900000333786009,1.0299999713897705,1.0499999523162842,1.0499999523162842,225100
2019-10-22,1.0399999618530271,1.0499999523162842,1.0099999904632568,1.0299999713897705,1.0299999713897705,197900
2019-10-23,1.0199999809265137,1.0399999618530271,0.9700000286102296,1.0199999809265137,1.0199999809265137,270300
2019-10-24,1.0199999809265137,1.0199999809265137,0.959999978542328,0.9900000095367432,0.9900000095367432,266300
2019-10-25,0.9900000095367432,1.0599999427795408,0.9800000190734864,1.0499999523162842,1.0499999523162842,326500
2019-10-28,1.0499999523162842,1.0900000333786009,1.0199999809265137,1.0599999427795408,1.0599999427795408,340700
2019-10-29,1.0599999427795408,1.0700000524520874,1.0099999904632568,1.0299999713897705,1.0299999713897705,214500
2019-10-30,1.0399999618530271,1.0499999523162842,1.0,1.0299999713897705,1.0299999713897705,131400
2019-10-31,1.0199999809265137,1.0299999713897705,0.9800000190734864,0.9900000095367432,0.9900000095367432,144700
2019-11-01,0.9700000286102296,1.0299999713897705,0.9700000286102296,1.0299999713897705,1.0299999713897705,192900
2019-11-04,1.0199999809265137,1.0399999618530271,1.0,1.0199999809265137,1.0199999809265137,333100
2019-11-05,1.0099999904632568,1.0299999713897705,0.9700000286102296,1.0199999809265137,1.0199999809265137,255800
2019-11-06,1.0099999904632568,1.0199999809265137,0.9499999880790709,0.959999978542328,0.959999978542328,214600
2019-11-07,0.959999978542328,0.959999978542328,0.8500000238418579,0.9200000166893004,0.9200000166893004,537800
2019-11-08,0.8899999856948853,0.959999978542328,0.8899999856948853,0.9200000166893004,0.9200000166893004,128800
2019-11-11,0.9200000166893004,0.9399999976158142,0.8899999856948853,0.8999999761581421,0.8999999761581421,127100
2019-11-12,0.9399999976158142,0.9399999976158142,0.9100000262260436,0.9200000166893004,0.9200000166893004,89400
2019-11-13,0.9100000262260436,0.9399999976158142,0.8899999856948853,0.8999999761581421,0.8999999761581421,90400
2019-11-14,0.8899999856948853,0.9300000071525574,0.8899999856948853,0.9200000166893004,0.9200000166893004,122700
2019-11-15,0.9399999976158142,0.9399999976158142,0.8899999856948853,0.9300000071525574,0.9300000071525574,41300
2019-11-18,0.9200000166893004,0.9300000071525574,0.8899999856948853,0.8999999761581421,0.8999999761581421,70700
2019-11-19,0.9100000262260436,0.9300000071525574,0.8899999856948853,0.9100000262260436,0.9100000262260436,43300
2019-11-20,0.8899999856948853,0.9100000262260436,0.8500000238418579,0.8799999952316284,0.8799999952316284,322600
2019-11-21,0.8600000143051147,0.8899999856948853,0.8199999928474426,0.8399999737739563,0.8399999737739563,386500
2019-11-22,0.8399999737739563,0.8700000047683716,0.8299999833106995,0.8299999833106995,0.8299999833106995,165800
2019-11-25,0.8799999952316284,0.8899999856948853,0.8399999737739563,0.8799999952316284,0.8799999952316284,127700
2019-11-26,0.8799999952316284,0.8799999952316284,0.8299999833106995,0.8399999737739563,0.8399999737739563,221300
2019-11-27,0.8399999737739563,0.8700000047683716,0.8100000023841858,0.8500000238418579,0.8500000238418579,182900
2019-11-29,0.8500000238418579,0.8500000238418579,0.8100000023841858,0.8299999833106995,0.8299999833106995,40500
2019-12-02,0.8399999737739563,0.8500000238418579,0.8199999928474426,0.8299999833106995,0.8299999833106995,115800
2019-12-03,0.8399999737739563,0.8399999737739563,0.8100000023841858,0.8299999833106995,0.8299999833106995,65600
2019-12-04,0.8299999833106995,0.8899999856948853,0.8100000023841858,0.8500000238418579,0.8500000238418579,197300
2019-12-05,0.8500000238418579,0.8799999952316284,0.8299999833106995,0.8700000047683716,0.8700000047683716,154800
2019-12-06,0.8899999856948853,0.8899999856948853,0.8399999737739563,0.8600000143051147,0.8600000143051147,41400
2019-12-09,0.8399999737739563,0.8700000047683716,0.8299999833106995,0.8600000143051147,0.8600000143051147,18500
2019-12-10,0.8399999737739563,0.8600000143051147,0.8299999833106995,0.8500000238418579,0.8500000238418579,31700
2019-12-11,0.8600000143051147,0.8600000143051147,0.8399999737739563,0.8500000238418579,0.8500000238418579,22400
2019-12-12,0.8500000238418579,0.8700000047683716,0.8299999833106995,0.8500000238418579,0.8500000238418579,222800
2019-12-13,0.8500000238418579,0.8600000143051147,0.8399999737739563,0.8600000143051147,0.8600000143051147,122800
2019-12-16,0.8799999952316284,0.8799999952316284,0.8500000238418579,0.8600000143051147,0.8600000143051147,83800
2019-12-17,0.8299999833106995,0.8700000047683716,0.8299999833106995,0.8700000047683716,0.8700000047683716,77200
2019-12-18,0.8700000047683716,0.8700000047683716,0.8399999737739563,0.8500000238418579,0.8500000238418579,110400
2019-12-19,0.8500000238418579,0.8700000047683716,0.8500000238418579,0.8700000047683716,0.8700000047683716,139900
2019-12-20,0.8700000047683716,0.8799999952316284,0.8600000143051147,0.8600000143051147,0.8600000143051147,146200
2019-12-23,0.8600000143051147,0.8799999952316284,0.8199999928474426,0.8299999833106995,0.8299999833106995,602600
2019-12-24,0.8299999833106995,0.8399999737739563,0.8199999928474426,0.8299999833106995,0.8299999833106995,202900
2019-12-26,0.8299999833106995,0.8600000143051147,0.8199999928474426,0.8500000238418579,0.8500000238418579,72300
2019-12-27,0.8299999833106995,0.8500000238418579,0.8199999928474426,0.8299999833106995,0.8299999833106995,186800
2019-12-30,0.8299999833106995,0.8500000238418579,0.8299999833106995,0.8500000238418579,0.8500000238418579,124400
2019-12-31,0.8299999833106995,0.8500000238418579,0.8100000023841858,0.8399999737739563,0.8399999737739563,239100
2020-01-02,0.8500000238418579,0.8500000238418579,0.8199999928474426,0.8199999928474426,0.8199999928474426,346800
2020-01-03,0.8199999928474426,0.8500000238418579,0.8199999928474426,0.8399999737739563,0.8399999737739563,176100
2020-01-06,0.8399999737739563,0.8500000238418579,0.8299999833106995,0.8299999833106995,0.8299999833106995,83700
2020-01-07,0.8299999833106995,0.8399999737739563,0.8299999833106995,0.8399999737739563,0.8399999737739563,108500
2020-01-08,0.8299999833106995,0.8500000238418579,0.8199999928474426,0.8299999833106995,0.8299999833106995,67400
2020-01-09,0.8299999833106995,0.8399999737739563,0.8299999833106995,0.8399999737739563,0.8399999737739563,34600
2020-01-10,0.8399999737739563,0.8399999737739563,0.8100000023841858,0.8199999928474426,0.8199999928474426,363800
2020-01-13,0.8100000023841858,0.8199999928474426,0.7799999713897705,0.8000000119209291,0.8000000119209291,126600
2020-01-14,0.8500000238418579,0.8899999856948853,0.8199999928474426,0.8399999737739563,0.8399999737739563,754100
2020-01-15,0.8500000238418579,0.8600000143051147,0.8000000119209291,0.8100000023841858,0.8100000023841858,207200
2020-01-16,0.8000000119209291,0.8199999928474426,0.7799999713897705,0.8100000023841858,0.8100000023841858,286900
2020-01-17,0.8000000119209291,0.8100000023841858,0.7799999713897705,0.7900000214576721,0.7900000214576721,343200
2020-01-21,0.8100000023841858,0.8199999928474426,0.7699999809265137,0.7900000214576721,0.7900000214576721,174200
2020-01-22,0.7900000214576721,0.7900000214576721,0.7599999904632568,0.7799999713897705,0.7799999713897705,114000
2020-01-23,0.7900000214576721,0.8199999928474426,0.7599999904632568,0.8100000023841858,0.8100000023841858,148300
2020-01-24,0.7900000214576721,0.8000000119209291,0.7699999809265137,0.8000000119209291,0.8000000119209291,44100
2020-01-27,0.8000000119209291,0.8399999737739563,0.75,0.8299999833106995,0.8299999833106995,257100
2020-01-28,0.8399999737739563,0.8500000238418579,0.7900000214576721,0.8000000119209291,0.8000000119209291,298200
2020-01-29,0.8100000023841858,0.8500000238418579,0.7799999713897705,0.8399999737739563,0.8399999737739563,227300
2020-01-30,0.8500000238418579,0.8500000238418579,0.7900000214576721,0.8199999928474426,0.8199999928474426,231000
2020-01-31,0.7900000214576721,0.8199999928474426,0.75,0.7699999809265137,0.7699999809265137,203300
2020-02-03,0.7900000214576721,0.8199999928474426,0.7699999809265137,0.8000000119209291,0.8000000119209291,226200
2020-02-04,0.8000000119209291,0.8100000023841858,0.7799999713897705,0.8000000119209291,0.8000000119209291,202900
2020-02-05,0.7900000214576721,0.8299999833106995,0.7799999713897705,0.7900000214576721,0.7900000214576721,135800
2020-02-06,0.8000000119209291,0.8199999928474426,0.7900000214576721,0.8199999928474426,0.8199999928474426,99800
2020-02-07,0.7900000214576721,0.8199999928474426,0.7900000214576721,0.8000000119209291,0.8000000119209291,88700
2020-02-10,0.8100000023841858,0.8199999928474426,0.7799999713897705,0.7900000214576721,0.7900000214576721,132100
2020-02-11,0.8100000023841858,0.8199999928474426,0.7900000214576721,0.8100000023841858,0.8100000023841858,178000
2020-02-12,0.8199999928474426,0.8199999928474426,0.7799999713897705,0.8000000119209291,0.8000000119209291,188100
2020-02-13,0.7900000214576721,0.8199999928474426,0.7799999713897705,0.8000000119209291,0.8000000119209291,116600
2020-02-14,0.8000000119209291,0.8000000119209291,0.7799999713897705,0.7900000214576721,0.7900000214576721,55500
2020-02-18,0.8000000119209291,0.8000000119209291,0.7599999904632568,0.7599999904632568,0.7599999904632568,174200
2020-02-19,0.7699999809265137,0.7900000214576721,0.7599999904632568,0.7599999904632568,0.7599999904632568,192800
2020-02-20,0.7599999904632568,0.7699999809265137,0.75,0.7599999904632568,0.7599999904632568,128700
2020-02-21,0.7599999904632568,0.7599999904632568,0.699999988079071,0.7300000190734863,0.7300000190734863,236300
2020-02-24,0.699999988079071,0.699999988079071,0.6299999952316284,0.6700000166893005,0.6700000166893005,227700
2020-02-25,0.6899999976158142,0.6899999976158142,0.6299999952316284,0.6299999952316284,0.6299999952316284,183500
2020-02-26,0.6200000047683716,0.6499999761581421,0.5600000023841858,0.6100000143051147,0.6100000143051147,240400
2020-02-27,0.5899999737739563,0.6100000143051147,0.5600000023841858,0.5699999928474426,0.5699999928474426,243500
2020-02-28,0.5400000214576721,0.5799999833106995,0.5,0.5600000023841858,0.5600000023841858,178400
2020-03-02,0.5600000023841858,0.6000000238418579,0.5199999809265137,0.5299999713897705,0.5299999713897705,36300
2020-03-03,0.5400000214576721,0.6499999761581421,0.5400000214576721,0.5699999928474426,0.5699999928474426,97100
2020-03-04,0.6100000143051147,0.8199999928474426,0.5699999928474426,0.5899999737739563,0.5899999737739563,3230100
2020-03-05,0.5799999833106995,0.5799999833106995,0.5099999904632568,0.5199999809265137,0.5199999809265137,379800
2020-03-06,0.5400000214576721,0.550000011920929,0.5,0.5400000214576721,0.5400000214576721,166800
2020-03-09,0.5400000214576721,0.5400000214576721,0.44999998807907104,0.479999989271164,0.479999989271164,513500
2020-03-10,0.4900000095367432,0.5199999809265137,0.44999998807907104,0.5199999809265137,0.5199999809265137,332300
2020-03-11,0.5,0.5799999833106995,0.4600000083446503,0.5299999713897705,0.5299999713897705,441400
2020-03-12,0.5,0.5299999713897705,0.4000000059604645,0.4699999988079071,0.4699999988079071,388100
2020-03-13,0.479999989271164,0.550000011920929,0.479999989271164,0.5,0.5,381800
2020-03-16,0.5299999713897705,0.550000011920929,0.4300000071525574,0.4399999976158142,0.4399999976158142,67700
2020-03-17,0.4900000095367432,0.5,0.4399999976158142,0.4600000083446503,0.4600000083446503,214600
2020-03-18,0.479999989271164,0.479999989271164,0.4000000059604645,0.41999998688697815,0.41999998688697815,193900
2020-03-19,0.41999998688697815,0.44999998807907104,0.4000000059604645,0.44999998807907104,0.44999998807907104,155400
2020-03-20,0.4399999976158142,0.4699999988079071,0.3700000047683716,0.3700000047683716,0.3700000047683716,685100
2020-03-23,0.3799999952316284,0.4300000071525574,0.3700000047683716,0.3799999952316284,0.3799999952316284,130300
2020-03-24,0.3799999952316284,0.4300000071525574,0.3799999952316284,0.4000000059604645,0.4000000059604645,217400
2020-03-25,0.41999998688697815,0.4699999988079071,0.4000000059604645,0.4399999976158142,0.4399999976158142,140100
2020-03-26,0.44999998807907104,0.5299999713897705,0.4300000071525574,0.5099999904632568,0.5099999904632568,138300
2020-03-27,0.5299999713897705,0.6899999976158142,0.479999989271164,0.6000000238418579,0.6000000238418579,1300800
2020-03-30,0.6499999761581421,0.7599999904632568,0.5,0.6399999856948853,0.6399999856948853,880500
2020-03-31,0.6800000071525574,0.6800000071525574,0.550000011920929,0.5699999928474426,0.5699999928474426,335400
2020-04-01,0.550000011920929,0.6299999952316284,0.550000011920929,0.5899999737739563,0.5899999737739563,187600
